2010-12-25 00:18:34,40.759655,-73.805090,@mikedebonis yum
2010-12-25 00:24:44,40.759739,-73.805016,tell her to go wipe her asss clean
2010-12-25 00:25:55,40.759739,-73.805016,Chanel does not have twitter!
2010-12-25 04:18:32,40.759707,-73.804984,@wolfganggartner merry Xmas
2010-12-25 04:19:35,40.759707,-73.804984,Does it make sense?!
2010-12-25 04:23:46,40.759707,-73.804975,@anmolpinto happy new year
2010-12-25 11:47:23,40.759750,-73.805050,@Tiesto &lt;3
2010-12-25 11:48:03,40.759750,-73.805050,@Schwarzenegger merry Xmas
2010-12-25 11:51:12,40.759690,-73.805024,@tiesto muah
2010-12-25 11:52:01,40.759690,-73.805024,@marcusschossow merry xmas
2010-12-25 14:40:45,40.759795,-73.805372,I feel bad
2010-12-25 16:01:09,40.759543,-73.805254,@CrystalHarris crystal....hot
2010-12-25 16:02:18,40.759543,-73.805254,That's what we r doing Thhinking Strictly  Pecuniary Age Qualification
2010-12-25 16:02:25,40.759543,-73.805254,@CrystalHarris hot
2010-12-25 16:13:46,40.759692,-73.805166,@nikkieplessen merry Xmas
2010-12-25 16:18:23,40.759692,-73.805166,Is that y I'm getting yelled at? Cause we kno eachother And I have to ask a friend?!
2010-12-25 16:20:01,40.759692,-73.805166,I don't think they were helping u  What do u suppose?! It could be that they were really doing?!  Defaming?!
2010-12-25 16:21:41,40.759572,-73.804997,and that's how young gets sacked!
2010-12-25 18:36:35,40.759806,-73.805078,@Tiesto &lt;3
2010-12-25 18:36:53,40.759806,-73.805078,@ferrycorsten happy holidays
2010-12-25 18:51:33,40.759698,-73.805071,Do u kno how bromidic it gets afterwards I say I won't relinquish the clover?
2010-12-25 19:02:55,40.759680,-73.805025,@hedimarks muah
2010-12-25 19:06:28,40.759621,-73.805202,@Bill_McComb mr McComb? Can we meet up?!
2010-12-25 19:07:09,40.759621,-73.805202,Theysatdown told me that I have to see the same ppl Weather I like them or not
2010-12-25 19:08:26,40.759621,-73.805202,He gonna sitthere "move!"
2010-12-25 19:08:52,40.759621,-73.805202,@hughhefner merry Xmas
2010-12-25 19:51:13,40.759640,-73.805233,Omg!
2010-12-25 19:51:30,40.759640,-73.805233,@Tiesto &lt;3 I miss u
2010-12-25 20:57:00,40.759617,-73.805198,no it's bank of america young!
2010-12-25 21:04:30,40.759617,-73.805198,The little kids stand there  And say "ewwww"  Every time I say he or she is cute
2010-12-25 21:05:09,40.759617,-73.805198,Bank of America huh?
2010-12-25 21:43:10,40.759640,-73.805250,@Karl_Lagerfeld  Helpme
2010-12-25 22:14:32,40.759640,-73.805250,we don't have time to do that!
2010-12-25 22:15:26,40.759640,-73.805250,@ConradHilton awww
2010-12-25 22:16:40,40.759618,-73.804952,ppl do not feign death!
2010-12-25 22:17:34,40.759618,-73.804952,inconceivable!
2010-12-25 22:18:33,40.759819,-73.805255,I am nice!  "who keeps following u!"
2010-12-25 22:45:05,40.759767,-73.805164,@Tiesto  When can we betrothal?!
2010-12-25 22:45:35,40.759824,-73.805226,@dirtysouth909 u r cute too
2010-12-25 22:45:55,40.759868,-73.805242,@Danny_DeVito merry Xmas
2010-12-25 23:06:13,40.759657,-73.805114,Even with condoms u r still prone to AIDS  Kissing...sweat  Ewww
2010-12-25 23:07:33,40.759657,-73.805114,She sat there  "look look the strip bars! The poles, the girls sweat on it!"
2010-12-25 23:08:21,40.759782,-73.805021,The doctors over there......!!!!
2010-12-25 23:09:20,40.759782,-73.805021,What we were doing  We were watching them clean the poles.....!
2010-12-25 23:10:03,40.759782,-73.805021,Ain't that weird? So we satdown From what I kno Office team keeps telling me to redo all my skillswork
2010-12-25 23:10:15,40.759796,-73.805173,Skillsoft program...!
2010-12-25 23:10:56,40.759841,-73.805155,Eons ago......
2010-12-25 23:11:18,40.759841,-73.805155,that's what's going on!
2010-12-25 23:12:24,40.759841,-73.805155,And.... Gotta go do the walking for the job If u already have the contacts please contact me....
2010-12-25 23:13:45,40.759672,-73.805046,Wesatdown and talked about genealogy
2010-12-25 23:14:59,40.759672,-73.805046,And that bartending school was a waste of money
2010-12-25 23:15:29,40.759760,-73.805184,@aimeeducharme Aimee, Happy Holidays Sweetheart
2010-12-25 23:18:17,40.759672,-73.805046,What's also going on is They stand there  "u expect that, that, someone will just come by and give u a job in a suitcase????!!!"
2010-12-25 23:19:37,40.759672,-73.805046,They stood there "don't go to office team!"
2010-12-25 23:24:21,40.759672,-73.805046,Something about the great wall of Berlin
2010-12-26 13:05:27,40.759674,-73.805216,from what I know, Korean ppl value school alot!
2010-12-26 13:07:59,40.759732,-73.805157,Gosh even my name is so Korean ewwww
2010-12-26 13:08:51,40.759732,-73.805157,He was there too
2010-12-26 13:10:10,40.759732,-73.805157,Think "think"
2010-12-26 13:14:49,40.759620,-73.805124,most of them are nice!
2010-12-26 13:15:42,40.759620,-73.805124,He came by was worried that I was ordering ppl around or something
2010-12-26 13:17:37,40.759651,-73.805034,@ElizabethHurley merry xmas
2010-12-26 13:18:00,40.759651,-73.805034,@steveaoki merry xmas
2010-12-26 13:45:39,40.759630,-73.805192,young! R u done staring at the big companies?!
2010-12-26 16:12:38,40.759730,-73.805231,he is he And "she is she!"
2010-12-26 16:12:58,40.759730,-73.805231,I am not riding the tv
2010-12-26 16:14:14,40.759730,-73.805231,@ConradHilton merry Xmas sweetheart
2010-12-26 16:49:45,40.759564,-73.805102,Happy new year and please keep your and our pores clean  Reiteration
2010-12-26 17:16:53,40.759654,-73.805088,Oh! And someone I met at Citigroup he was surprising Asian
2010-12-26 17:18:49,40.759654,-73.805088,They keep following me and acting like immigrant
2010-12-26 17:20:08,40.759624,-73.805094,u did that to them!
2010-12-26 17:21:51,40.759698,-73.805134,Theysatthere
2010-12-26 17:23:28,40.759698,-73.805134,I feel like dying now
2010-12-26 17:24:22,40.759756,-73.805268,@mrbradshaw merry Xmas bradshaw
2010-12-26 17:41:07,40.759586,-73.805045,ppl get babies!
2010-12-26 17:42:50,40.759586,-73.805045,My left eye tears so much at night
2010-12-26 17:43:52,40.759586,-73.805045,He is sitting there concerned that I was ordering around hordes and hordes of crowds
2010-12-26 17:44:28,40.759717,-73.805242,no!
2010-12-26 17:44:57,40.759808,-73.805256,Hordes and hordes
2010-12-26 17:46:29,40.759586,-73.805045,I keep telling her to do it!
2010-12-26 17:47:58,40.759586,-73.805045,He stood there and said that he is not a caricature
2010-12-26 17:49:34,40.759802,-73.805213,@TommySaleh happy Xmas
2010-12-26 17:50:23,40.759722,-73.805034,@TommySaleh hello there Need to inquire about a job if u r not busy Need some referrals
2010-12-26 17:51:00,40.759722,-73.805034,Awwww
2010-12-26 17:52:02,40.759685,-73.804986,Go out 2morrow
2010-12-26 17:52:52,40.759685,-73.804986,And everytime I head over to the Victoria secret office here in NYC the security guard or doorman always asks me to find da name first
2010-12-26 17:56:24,40.759659,-73.805105,Well the hospital the same black girl I don't kno if she really is helping or Not But now I'm getting fret I think she is following me
2010-12-26 17:56:33,40.759659,-73.805105,Cause she can't help
2010-12-26 17:57:00,40.759659,-73.805105,we r not doing that to her
2010-12-26 17:58:21,40.759619,-73.805094,they don't like u
2010-12-26 17:59:34,40.759619,-73.805094,I met this woman and she was from Africa cape town and we were talking about selling body parts
2010-12-26 17:59:54,40.759619,-73.805094,We were just talking about it
2010-12-26 18:00:45,40.759619,-73.805094,Wait a minute
2010-12-26 18:02:46,40.759683,-73.805020,youngster reading about!  And prostitutes, bad plastic surgery and Mexico
2010-12-26 18:03:10,40.759683,-73.805020,youngster reading da news!
2010-12-26 18:03:51,40.759683,-73.805020,@JessicaSimpson merry Xmas
2010-12-26 18:05:01,40.759683,-73.805020,Conduit
2010-12-26 18:26:02,40.759718,-73.805228,be persistent!
2010-12-26 18:29:39,40.759734,-73.805307,Ok so a conduit us a water passageway
2010-12-26 18:31:05,40.759734,-73.805307,@Rachel_Roy Rachel?
2010-12-26 18:32:30,40.759734,-73.805307,@Rachel_Roy can you help? It's really bad
2010-12-26 18:37:16,40.759856,-73.805659,Limited brand is in Ohio
2010-12-26 19:02:01,40.759646,-73.805117,Wegot into a whole topic about golddiggers
2010-12-26 19:02:29,40.759646,-73.805117,it's not a secret!
2010-12-26 19:03:26,40.759646,-73.805117,I went for the loser guy
2010-12-26 19:03:40,40.759646,-73.805117,u r the loser!
2010-12-26 19:04:47,40.759837,-73.805271,Odd reason I always see someone and they die
2010-12-26 19:05:14,40.759809,-73.805320,I guess he is not a loser
2010-12-26 19:05:53,40.759827,-73.805376,ppl make babies!  Awww
2010-12-26 19:05:59,40.759827,-73.805376,Stop following me!
2010-12-26 19:06:24,40.759854,-73.805328,So everytime something I perceive as ghetto
2010-12-26 19:06:56,40.759854,-73.805328,making babies is not ghetto!
2010-12-26 19:07:25,40.759856,-73.805268,something young said!
2010-12-26 19:08:27,40.759823,-73.805228,He would sitthere lecture me about being a bachelorete
2010-12-26 19:09:50,40.759646,-73.805117,Barrrfffff
2010-12-26 19:12:54,40.759718,-73.805143,Awwwwwwwww  The feeling of going to a millionaire company from a billionaire company...
2010-12-26 19:13:28,40.759718,-73.805143,It's not that bad.....
2010-12-26 19:14:21,40.759820,-73.805200,Ouch
2010-12-26 19:16:57,40.759718,-73.805143,@xMcForRealzz merry Xmas babe
2010-12-26 19:26:40,40.759718,-73.805143,loser!
2010-12-26 19:29:39,40.759718,-73.805143,I am staying away from them
2010-12-26 19:30:50,40.759718,-73.805143,she keeps forgetting him! "who?"  Karl Lagerfeld! Tiesto....!!!!   Boooooooooo
2010-12-26 19:31:25,40.759718,-73.805143,They r nice...  "who?!"   Asian ppl
2010-12-26 19:51:40,40.759718,-73.805143,He is going to sit there  "is that y....."
2010-12-26 20:22:58,40.759766,-73.804982,We talked about the fact that someone already went out there and got someone from limited brands  And I told the security guard about it
2010-12-26 20:23:23,40.759766,-73.804982,And I think that's y...!
2010-12-26 20:23:42,40.759766,-73.804982,Maybe.... I should..  Forget about it
2010-12-26 20:24:03,40.759973,-73.805459,Old news
2010-12-26 20:25:03,40.759891,-73.805400,Very very old news http://yfrog.com/gyi33blj
2010-12-26 20:26:28,40.759754,-73.805210,I feel so bad now
2010-12-26 20:27:36,40.759777,-73.805216,He is going sit here "that's how I feel about u!"
2010-12-26 20:29:01,40.759777,-73.805216,Mike Tyson is a bantam boxing fighter
2010-12-26 20:29:29,40.759777,-73.805216,Archaic
2010-12-26 20:31:18,40.759737,-73.804970,Hmpfhhh I guess someone had to sit-down  http://yfrog.com/h0nw2xtj
2010-12-26 20:32:01,40.759737,-73.804970,They busy killing eachother at the love parade if u ask me
2010-12-26 20:32:18,40.759737,-73.804970,Orange.... http://yfrog.com/hsapayij
2010-12-26 20:33:07,40.759737,-73.804970,Is that y they think I'm bad?!
2010-12-26 20:34:10,40.759786,-73.805255,tell her to stop having a Bf!
2010-12-26 20:34:44,40.759786,-73.805255,Ouch
2010-12-26 20:46:01,40.759659,-73.805116,What a low life  Thinking
2010-12-26 20:46:58,40.759659,-73.805116,I wish I'd work at Chanel
2010-12-26 20:47:55,40.759659,-73.805116,The Korean guy yells "thinking!"
2010-12-26 20:48:22,40.759771,-73.805295,Thinking
2010-12-26 20:48:53,40.759775,-73.805233,I guess it's the acting pompous everyone was complaining about That's it
2010-12-26 20:49:52,40.759787,-73.805109,They over there telling me to bow down
2010-12-26 21:03:34,40.759729,-73.804964,And that he had a sex change
2010-12-26 21:05:11,40.759729,-73.804964,He didn't look so fond of the fact that they suggested I go work for him
2010-12-26 21:05:47,40.759729,-73.804964,u had a sex change
2010-12-26 21:09:29,40.759729,-73.804964,Wesitdown Watch csection movies
2010-12-26 21:09:47,40.759729,-73.804964,ignore him
2010-12-26 21:11:55,40.759729,-73.804964,He is going to sit here "tell her to watch palace hotel on YouTube!"
2010-12-26 21:17:33,40.759729,-73.804964,@MarkusSchulz muahhhhhhh
2010-12-26 21:18:50,40.759729,-73.804964,don't even say it!
2010-12-26 21:21:27,40.759729,-73.804964,land of the what?!!!
2010-12-26 21:47:37,40.759729,-73.804964,Wesatdown talked about Russell Simmons on wiki And how he looked like a wax figure
2010-12-26 21:49:20,40.759714,-73.805164,@MarkusSchulz merry xmas
2010-12-26 22:01:55,40.759650,-73.805085,Ouch man
2010-12-26 22:03:17,40.759650,-73.805085,@sheridynfisher hello Does Karl Lagerfeld go to playboy?
2010-12-26 22:10:30,40.759650,-73.805085,living in da slums!
2010-12-26 22:12:40,40.759651,-73.805072,the church just shoves it to her!
2010-12-26 22:13:16,40.759651,-73.805072,Wejustsitdown And watch c section movies
2010-12-26 22:59:39,40.759679,-73.805037,Oh yea!  Theysatthere  They just asked if, they didn't mind ppl having sex in front of me and that's it I think it was da club
2010-12-26 23:01:21,40.759679,-73.805037,I guess I didn't really see it
2010-12-27 00:35:02,40.759761,-73.805155,And if that's da case..... And I think I already kno da answer...
2010-12-27 00:35:12,40.759761,-73.805155,no
2010-12-27 00:39:30,40.759623,-73.805225,He is going to sitthere
2010-12-27 00:40:11,40.759623,-73.805225,@StephenHampton happy new year
2010-12-27 00:51:40,40.759689,-73.805175,now she thinks we gave her da idea!
2010-12-27 00:52:25,40.759689,-73.805175,is dat what u want?!  Internet degree  Ewwww
2010-12-27 00:52:43,40.759689,-73.805175,It just cost alot!
2010-12-27 00:54:07,40.759570,-73.805155,@mrjoezee dear mr joezee Who are da key head figures right now at Chanel?! Inc? NY?!
2010-12-27 00:55:05,40.759570,-73.805155,@LaidbackLuke comely
2010-12-27 00:56:26,40.759396,-73.805034,that's for ppl like Paris!
2010-12-27 01:09:57,40.759710,-73.805148,think!
2010-12-27 01:21:32,40.759674,-73.805108,So basically Paris is online on Westwood, and she's having Columbia do her he assignment!   J/K
2010-12-27 01:23:06,40.759681,-73.805180,even after u graduate ivy, u r still a bum
2010-12-27 01:24:34,40.759632,-73.805124,what were they thinking?!
2010-12-27 02:38:55,40.759762,-73.805110,@CrystalHarris @hughhefner cool
2010-12-27 02:39:43,40.759762,-73.805110,@CrystalHarris how much for your blonde hair?
2010-12-27 03:28:24,40.759725,-73.805070,Awwwwwwwww!!!
2010-12-27 03:39:28,40.759657,-73.805142,I feel like crying
2010-12-27 03:56:32,40.759657,-73.805142,Think....
2010-12-27 03:57:04,40.759657,-73.805142,not to go shake your booty!
2010-12-27 03:57:09,40.759657,-73.805142,Think!
2010-12-27 03:57:15,40.759657,-73.805142,think!
2010-12-27 03:57:36,40.759657,-73.805142,they might nit like it!
2010-12-27 03:58:28,40.759823,-73.805241,Have u seen Bart Simpson slap himself That's what I feel like now
2010-12-27 03:59:38,40.759657,-73.805142,“@MySpace__Tom: !
2010-12-27 04:00:09,40.759657,-73.805142,Theysatthere and made me watch a video about gift giving!
2010-12-27 04:01:52,40.759657,-73.805142,She sat there And said that they r treating me like that cause cause I'm impecunious
2010-12-27 04:36:01,40.759657,-73.805142,Ouch
2010-12-27 05:00:45,40.759785,-73.805063,What's going on is dat dat these other breeds r from Europe
2010-12-27 05:01:35,40.759785,-73.805063,I have no problem with that but I do sense I get mean at times....
2010-12-27 05:02:54,40.759702,-73.805020,Everyone just keeps treating me like a xxx
2010-12-27 05:03:39,40.759702,-73.805020,now they r bullying her!
2010-12-27 12:40:11,40.759712,-73.805252,u don't like him
2010-12-27 12:40:30,40.759712,-73.805252,@SiedVanRiel ;)
2010-12-27 12:41:13,40.759712,-73.805252,Oh yea......
2010-12-27 12:43:02,40.759527,-73.805139,@marcusschossow cool
2010-12-27 12:43:58,40.759527,-73.805139,They all say they treat me like a Mexican okay
2010-12-27 13:22:59,40.759749,-73.805226,@TimQuinnBeauty tim? Can you refer me to an administrative clerk job at Armani?
2010-12-27 13:37:24,40.759732,-73.805409,@50cent I love u
2010-12-27 13:38:48,40.759732,-73.805409,Man I wonder how long this tethering is gonna go on
2010-12-27 14:35:31,40.759664,-73.805255,keep saying sounds like
2010-12-27 14:48:22,40.761070,-73.809272,Theywouldgo into a whole topic about being raised at a immigrant neighbor versus a nonimmigrant neighbor
2010-12-27 16:31:58,40.745512,-73.907976,@AskMrMickey help
2010-12-27 16:37:10,40.744009,-73.925371,@BravoAndy help
2010-12-27 16:37:26,40.744009,-73.925371,@mrjoezee help
2010-12-27 20:21:02,40.759709,-73.804979,Shithole
2010-12-27 20:22:52,40.759737,-73.805152,Eatalot http://yfrog.com/h0zxkxj
2010-12-27 20:23:27,40.759790,-73.805217,So went over to..... A Citibank And boy she looks young but has gray roots
2010-12-27 20:24:09,40.759790,-73.805217,u stick with your own kind! "da entertainment industry can get corny"
2010-12-27 20:37:15,40.759787,-73.804884,some ppl don't kno
2010-12-27 20:37:58,40.759846,-73.805294,@MarkusSchulz pic with blonde hair!
2010-12-27 20:39:04,40.759846,-73.805294,Ogle
2010-12-27 20:40:06,40.759846,-73.805294,Weather is like shit
2010-12-27 20:41:22,40.759804,-73.805267,what do they tell u about open and discreet conversation?!
2010-12-27 20:41:45,40.759804,-73.805267,Theysithere "u get it?!"
2010-12-27 20:41:53,40.759804,-73.805267,@MarkusSchulz peck peck
2010-12-27 20:43:27,40.759942,-73.805405,And once words are out there... It's out there
2010-12-27 20:43:37,40.759827,-73.805310,And and....
2010-12-27 20:44:38,40.759803,-73.805257,Mom started looking like a toad
2010-12-27 20:45:08,40.759803,-73.805257,I saw da same guy driving by who we were trynna find out some solution
2010-12-27 20:45:24,40.759803,-73.805257,Almost...almost felt like like...
2010-12-27 20:45:41,40.759803,-73.805257,Like...., Macking!
2010-12-27 20:46:23,40.759803,-73.805257,Dats not y I  am red Snow and walking
2010-12-27 20:46:42,40.759803,-73.805257,Mom is gaining weight I'm overweight too
2010-12-27 20:46:50,40.759803,-73.805257,They say it's depression
2010-12-27 20:47:42,40.759803,-73.805257,Hesatthere complained about da ppl I was around bcus of moving around
2010-12-27 20:48:28,40.759796,-73.805103,Weird...
2010-12-27 20:49:33,40.759796,-73.805103,Billionaire budget...
2010-12-27 20:50:12,40.759796,-73.805103,Dat black women keeps teasing me about a job at xxx company
2010-12-27 20:50:48,40.759799,-73.805285,People in da train looks like xxxx
2010-12-27 20:51:17,40.759799,-73.805285,Same conversation over and over and over again
2010-12-27 20:52:11,40.759799,-73.805285,and I look like xxx too
2010-12-27 20:53:43,40.759670,-73.805251,What is Germany good for besides  Dats all we talk about
2010-12-27 20:54:15,40.759670,-73.805251,She or he is over there trynna calm down xxx yelling at me  Yelling at them
2010-12-27 20:59:14,40.759756,-73.805007,He is going to sit there "how do I help u?!"
2010-12-27 20:59:47,40.759756,-73.805007,Feet r Cold
2010-12-27 21:00:14,40.759756,-73.805007,Life stinks
2010-12-27 21:05:54,40.759758,-73.805011,I really felt I really felt I was yea!
2010-12-27 21:06:20,40.759758,-73.805011,He drove by
2010-12-27 21:06:48,40.759758,-73.805011,I need a car too "y?! So u can get into another car accident???!!!!"
2010-12-27 21:12:24,40.759672,-73.805104,I hate some of da receptionist I talk to sometimes
2010-12-27 21:12:45,40.759672,-73.805104,da fat girl is always in your way huh?!
2010-12-27 21:13:58,40.759578,-73.805204,dats how I feel about u!!!
2010-12-27 21:14:06,40.759578,-73.805204,:(
2010-12-27 21:14:47,40.759578,-73.805204,I still love her...
2010-12-27 21:15:02,40.759578,-73.805204,she's frustrated!
2010-12-27 21:15:39,40.759661,-73.805201,I'm getting fat too
2010-12-27 21:16:31,40.759698,-73.805236,he's over there, I wanna see how far this moron goes!
2010-12-27 21:18:23,40.759631,-73.805133,youngs over there at the doctors office, bus if her breast! And he says "it's not a good idea!" "stop having a Bf!!!"
2010-12-27 21:19:36,40.759631,-73.805133,She or he is going to sit there.... "people do not look like toads!"
2010-12-27 21:19:55,40.759631,-73.805133,OUCH
2010-12-27 21:20:45,40.759631,-73.805133,now she thinks I sent that guy to her!
2010-12-27 21:21:16,40.759790,-73.805198,OUCh  U r right I make no sense I guess that's y
2010-12-27 21:22:14,40.759631,-73.805133,HarroW
2010-12-27 21:23:26,40.759631,-73.805133,Hooray!
2010-12-27 21:35:27,40.759651,-73.805159,Maybe bus he is in da way
2010-12-27 22:01:26,40.759692,-73.805092,she is not talking about them!
2010-12-27 23:01:56,40.759757,-73.805132,Hesatthere forewarned me of da weather conditions But ppl still work
2010-12-27 23:03:00,40.759757,-73.805132,He's calling me
2010-12-27 23:38:31,40.759682,-73.805246,that they r over there throwing u around, cus u have no partake in their life!  And if I do I lose
2010-12-27 23:39:44,40.759682,-73.805246,I guess I do look like I'm reading off a script
2010-12-27 23:42:32,40.759682,-73.805246,No, cus cus when I go outside, it's all different ages!
2010-12-27 23:42:48,40.759682,-73.805246,Attthe jobs
2010-12-27 23:52:14,40.759772,-73.805339,Thatswhattheysaid
2010-12-27 23:53:53,40.759772,-73.805339,youngs asking all da wrong ppl!
2010-12-27 23:54:58,40.759772,-73.805339,ask them again, and talk about the full details!
2010-12-27 23:55:19,40.759772,-73.805339,But now they think I'm being a smartass
2010-12-27 23:56:40,40.759773,-73.805383,ppl do not sell body parts!
2010-12-27 23:58:58,40.759694,-73.805095,Canustopscaringme?!
2010-12-27 23:59:39,40.759694,-73.805095,I get it.. "dilatory socializing!"
2010-12-28 00:02:44,40.759643,-73.805197,youngs just looking at numbers..!
2010-12-28 00:02:50,40.759643,-73.805197,No
2010-12-28 00:03:04,40.759643,-73.805197,I didn't quite understand
2010-12-28 00:08:09,40.759643,-73.805197,it looked like u were fighting!
2010-12-28 00:08:44,40.759643,-73.805197,Zip
2010-12-28 00:16:49,40.759643,-73.805197,Loca....
2010-12-28 00:19:48,40.759643,-73.805197,Watching his Asia tour
2010-12-28 00:22:21,40.759643,-73.805197,I think dats a rerun
2010-12-28 00:25:04,40.759643,-73.805197,I'm a little bit weird
2010-12-28 00:25:54,40.759643,-73.805197,@iaminigomontoya comon....
2010-12-28 00:26:32,40.759643,-73.805197,@iaminigomontoya maybe. I really thought u were a caricature
2010-12-28 00:27:59,40.759643,-73.805197,Maybe he was running away from me  My culp
2010-12-28 00:35:47,40.759677,-73.805105,@iaminigomontoya revenge business?
2010-12-28 00:37:01,40.759677,-73.805105,@iaminigomontoya ?!
2010-12-28 00:45:58,40.759797,-73.805001,now she thinks she's chagrinned of you
2010-12-28 00:47:06,40.759792,-73.805205,now it's how to, think like a business owner
2010-12-28 00:47:58,40.759792,-73.805205,Perverts of america, Losers of America
2010-12-28 00:50:04,40.759578,-73.805089,Wandering eyes...!
2010-12-28 00:50:07,40.759578,-73.805089,Now
2010-12-28 00:51:49,40.759578,-73.805089,How could u!!! http://yfrog.com/h0gyquqj
2010-12-28 00:53:02,40.759578,-73.805089,I like da freedictionary.com
2010-12-28 00:54:07,40.759578,-73.805089,now u kno who is doing dat to who!
2010-12-28 00:55:23,40.759578,-73.805089,now u could do it!
2010-12-28 00:57:59,40.759915,-73.805062,?????  Dats all they say  "shut the hell up!"
2010-12-28 00:58:45,40.759777,-73.805298,poke!  "almost famous!"
2010-12-28 00:59:36,40.759777,-73.805298,make her jealous!
2010-12-28 01:00:41,40.759777,-73.805298,I guess young could rest off on da jobsbyfax right now
2010-12-28 01:01:49,40.759777,-73.805298,That Korean guy is saying dat, dat, I'm talking to myself
2010-12-28 01:03:12,40.759578,-73.805089,dats how I feel about u
2010-12-28 01:07:49,40.759851,-73.805272,dats a rerun!
2010-12-28 01:17:07,40.759823,-73.805192,He wanted it more.......
2010-12-28 01:18:52,40.759762,-73.805223,He stood there talked at his iPhone talked about one of his employee And I hope he just doesn't get mad
2010-12-28 01:19:34,40.759802,-73.805247,I really wonder what made him say that?! Or was it da fact that that I asked for it?
2010-12-28 01:20:13,40.759802,-73.805247,He thought I was being....!!!!! An asshole?!
2010-12-28 01:20:38,40.759802,-73.805247,An asshole?
2010-12-28 01:22:31,40.759822,-73.805380,From da way I look at it, or he look at it, or or she look at! They r used to seeing more pretty girls!
2010-12-28 01:23:57,40.759803,-73.805251,Men around or I know are always around these pretty woman!!!  "does it bother u?!"  No  Now I'm really talking to myself
2010-12-28 01:24:30,40.759641,-73.805192,He is going to sit there, "now u could call me Truffles!"
2010-12-28 01:26:35,40.759641,-73.805192,Wesatdown said that it melts
2010-12-28 01:27:59,40.759641,-73.805192,young is fat!
2010-12-28 01:37:48,40.759641,-73.805192,Repine
2010-12-28 01:40:17,40.759641,-73.805192,see!  They stood there and I think they played a prank on me. Writing a love novel on twitter
2010-12-28 01:40:46,40.759641,-73.805192,We went on a celebrity excursion
2010-12-28 01:52:03,40.759842,-73.805198,I had to do dat too!
2010-12-28 01:54:28,40.759882,-73.805447,dats what young calls lying!
2010-12-28 01:56:23,40.759579,-73.805033,social engineering!
2010-12-28 02:03:02,40.759579,-73.805033,social engineering my ASS!
2010-12-28 02:14:06,40.759579,-73.805033,@Xanderdash happy Birthday
2010-12-28 02:16:16,40.759579,-73.805033,I think my room smells
2010-12-28 02:55:39,40.759803,-73.805282,Dat they were sitting there Talking about how ppl go to college And anybody can bcome a celebrity
2010-12-28 02:58:06,40.759513,-73.805059,dats like for ten ppl!
2010-12-28 02:59:15,40.759513,-73.805059,I feel so bad now dat dat so and so went to so and so with me at his busy hour
2010-12-28 03:05:35,40.759723,-73.805175,Now people r preaching about Target Market
2010-12-28 03:06:36,40.759723,-73.805175,people do not shove ppls arms in a woman's vulva!
2010-12-28 03:07:16,40.759808,-73.805274,see!see! Something young said!
2010-12-28 03:08:17,40.759737,-73.805317,I told u he was making fun of u!
2010-12-28 03:10:02,40.759737,-73.805317,*yawn*  I think I got mAd by myself
2010-12-28 03:11:27,40.759737,-73.805317,Zzzzz http://yfrog.com/h8hr7ewj
2010-12-28 03:14:00,40.759737,-73.805317,Everyone is strictly pecuniary http://yfrog.com/h8jwlej
2010-12-28 03:14:25,40.759737,-73.805317,dat da minorities rule da universe!
2010-12-28 03:14:47,40.759878,-73.805215,everyone is strictly pecuniary!
2010-12-28 03:15:41,40.759584,-73.805208,@djriddler merry xmas
2010-12-28 03:19:19,40.759700,-73.804969,now u could betrothal beiber!
2010-12-28 03:20:14,40.759700,-73.804969,“@QTXBB: "now u could betrothal beiber!"”  @ @justinbieber
2010-12-28 03:21:33,40.759745,-73.805061,Yea it does hurt
2010-12-28 03:22:46,40.759745,-73.805061,My pelvis
2010-12-28 03:23:20,40.759812,-73.805280,ppl do not chop up livers!
2010-12-28 10:28:37,40.759627,-73.805092,is she really dat bored?!  I'm not joking around My god
2010-12-28 10:37:33,40.759685,-73.805094,@JeffreeStar hot
2010-12-28 10:41:39,40.759657,-73.805072,u have to do something u can do
2010-12-28 10:41:57,40.759657,-73.805072,I like my dj/fashion classes too
2010-12-28 10:42:30,40.759736,-73.805188,They r going to sit there "u have to love it"
2010-12-28 10:44:13,40.759518,-73.805152,Love da company?!
2010-12-28 10:44:55,40.759518,-73.805152,u have to can do it
2010-12-28 10:48:50,40.759817,-73.805386,Ppl from HS would gossip about da owner of so and so company  How winsome he is....
2010-12-28 10:50:43,40.759817,-73.805386,don't say I have no idea
2010-12-28 10:51:32,40.759790,-73.805157,I wanna hear it from her
2010-12-28 11:10:47,40.760341,-73.804327,Wesatdown Talkedabout A Clamjam?!
2010-12-28 11:12:24,40.760341,-73.804327,@BinkyJoris happy new year
2010-12-28 11:13:20,40.760341,-73.804327,Narrow my weight?!
2010-12-28 11:13:42,40.760341,-73.804327,@YeJin_Hong happy new year
2010-12-28 11:14:12,40.760362,-73.804254,Interact?!
2010-12-28 11:15:02,40.760362,-73.804254,Cute "it's da ppl around u!"
2010-12-28 11:15:46,40.760341,-73.804309,Not a good idea
2010-12-28 11:17:28,40.760264,-73.804240,Now I really feel like   Karl Lagerfeld  And   Gay men
2010-12-28 11:17:56,40.760264,-73.804240,Now I have to google mens apparel for Chanel  I don't see any
2010-12-28 11:20:17,40.760264,-73.804240,Theykeepsaying louis vuitton is better
2010-12-28 11:20:32,40.760264,-73.804240,Is it?!
2010-12-28 11:22:19,40.760264,-73.804240,Someone keeps making it a issue
2010-12-28 11:24:48,40.760264,-73.804240,My eye hurts
2010-12-28 11:25:37,40.760264,-73.804240,She's going stand there "who's da better dj?!"
2010-12-28 11:26:34,40.760264,-73.804240,Bus is taking forever
2010-12-28 11:27:17,40.760264,-73.804240,He is going to stand there, "nightlife/travel/fashion guide?!"
2010-12-28 11:27:56,40.760352,-73.804304,dats her talking her personal time!
2010-12-28 11:33:35,40.760264,-73.804240,Euro this Euro that      Lol
2010-12-28 11:34:11,40.760264,-73.804240,Everyone wants to go to Vegas
2010-12-28 11:34:21,40.760264,-73.804240,Palm springs!
2010-12-28 11:35:57,40.760290,-73.804333,Now I don't kno if they r real
2010-12-28 11:36:26,40.760290,-73.804333,@KimKardashian happy new year beauty
2010-12-28 11:41:52,40.760329,-73.804265,u have to be there!
2010-12-28 11:43:31,40.760329,-73.804265,Dats not funny they came by Cus, everybody is serious
2010-12-28 11:44:17,40.760740,-73.803869,@Karl_Lagerfeld love u
2010-12-28 11:56:26,40.761370,-73.810759,Same ppl
2010-12-28 12:15:42,40.757371,-73.827484,he takes u serious too
2010-12-28 12:33:51,40.748283,-73.876086,see! "now they playing hard to get!"
2010-12-28 12:34:40,40.748283,-73.876086,dats what they would do!
2010-12-28 12:37:48,40.746834,-73.891112,Theysatthere rectify me about the fact that that It's Giorgio Armani
2010-12-28 12:38:37,40.746613,-73.893699,Man! Everyones about money money money money!
2010-12-28 12:39:16,40.746283,-73.897167,scoot over!
2010-12-28 12:45:56,40.744717,-73.910590,that's y they keep yelling at u!
2010-12-28 12:46:29,40.744951,-73.898603,u sit there, and u ask your Bf!
2010-12-28 13:07:08,40.750544,-73.975177,Beady eyes
2010-12-28 15:08:47,40.750927,-73.980492,Oh that's y they r steering me to the hotels!
2010-12-28 15:11:06,40.751786,-73.980619,by that time! It's gone!
2010-12-28 15:28:53,40.751803,-73.980347,who is playing puppet on who?!
2010-12-28 17:48:34,40.745910,-73.945751,Ewww  I just had bad McDonalds
2010-12-28 17:49:17,40.745910,-73.945751,They sit there Talk about I say something And can't follow up
2010-12-28 17:49:52,40.745910,-73.945751,dats what they do!
2010-12-28 17:50:25,40.745910,-73.945751,Is he really that mad? Cause I was bot conversant with his pecuniary?  Or their pecuniary?!
2010-12-28 17:55:29,40.743783,-73.924873,I think it was da smell and and.... And  My weight!
2010-12-28 17:57:52,40.742945,-73.919381,send a bigger one!
2010-12-28 17:58:02,40.742945,-73.919381,Awww man  "no one does dat!"
2010-12-28 17:58:54,40.742945,-73.919381,it's Giorgio Armani!
2010-12-28 17:59:31,40.742945,-73.919381,Y do I feel like ppl r ..... Thinking very salacious things on the phone?! Y so they keep doing that?!
2010-12-28 17:59:46,40.743748,-73.913445,something young said!
2010-12-28 18:00:19,40.743740,-73.913232,Not dat phone!
2010-12-28 18:01:06,40.745338,-73.907501,dilatory socilizing!
2010-12-28 18:08:35,40.746496,-73.893923,I don't get it
2010-12-28 19:45:26,40.759615,-73.805030,they r just fucking around with u!
2010-12-28 19:46:23,40.759615,-73.805030,put some Asian in there!
2010-12-28 19:47:34,40.759615,-73.805030,I think they do call it horseshit
2010-12-28 19:47:53,40.759615,-73.805030,At what I get mad at
2010-12-28 19:48:41,40.759615,-73.805030,u keep saying u uglee!
2010-12-28 19:49:03,40.759819,-73.805236,u u u uglee!
2010-12-28 19:50:03,40.759819,-73.805236,dats y they call u horseshit!
2010-12-28 19:50:27,40.759774,-73.805230,that is not British accent!
2010-12-28 20:01:00,40.759653,-73.805051,@UncleRUSH u like pigfeet?
2010-12-28 20:01:38,40.759653,-73.805051,I couldn't catch up
2010-12-28 20:02:07,40.759653,-73.805051,think!
2010-12-28 20:03:04,40.759653,-73.805051,u like her cause she is pretty!
2010-12-28 20:04:39,40.759475,-73.805087,I don't really think they take u seriously
2010-12-28 20:05:11,40.759475,-73.805087,Same story!
2010-12-28 20:05:53,40.759475,-73.805087,be honest!
2010-12-28 20:07:28,40.759478,-73.804928,y did they show up?! "it's your culp!"
2010-12-28 20:08:23,40.759478,-73.804928,ppl do not throw bottles onto their own forehead!!!!!
2010-12-28 20:12:03,40.759478,-73.804928,Iwonderwhyitsblocked
2010-12-28 20:14:20,40.759637,-73.804866,Arghhhh
2010-12-28 20:15:12,40.759637,-73.804866,instead of sending xxx  I forgot!
2010-12-28 20:21:05,40.759649,-73.805172,they r just fucking around with u!
2010-12-28 20:28:04,40.759702,-73.805123,Gucci!
2010-12-28 20:31:15,40.759614,-73.805185,I see da same ppl! http://yfrog.com/h64bqmj
2010-12-28 20:31:22,40.759614,-73.805185,what were they doing?!
2010-12-28 20:32:17,40.759614,-73.805185,He was dressedup so nice!
2010-12-28 20:32:34,40.759808,-73.805310,u r fuckedup!
2010-12-28 20:38:51,40.759825,-73.805270,Theysatdown "were gonna take u to Vegas and and get u infested with AIDS!"
2010-12-28 20:40:23,40.759547,-73.805131,what are those Asians girls following her?!  "does it look like?! Does it look like they r helping u?!"
2010-12-28 20:41:34,40.759547,-73.805131,Dat the minorities rule in Germany too
2010-12-28 20:42:38,40.759723,-73.805238,Ouchhhhh
2010-12-28 20:45:16,40.759675,-73.805200,Theyoverthere, theydidntwantto accosttome, so they just shoved it to me
2010-12-28 20:53:01,40.759649,-73.805144,@JeffreeStar yupppers Bummedoutcausecauseimnotnot Wealthylikeu
2010-12-28 20:53:18,40.759649,-73.805144,Whatdoesdatmean???!!!!
2010-12-28 20:53:41,40.759649,-73.805144,Samethingoverandoverandoverandoveragain
2010-12-28 20:54:42,40.759763,-73.805290,Isthatwhathewastalkingaboutthatthatthatthatthatthatsomethingweirdisgoingon
2010-12-28 20:55:53,40.759649,-73.805144,Whatothermovueareyouguysgoingtoshowme
2010-12-28 20:56:18,40.759649,-73.805144,Whatothermoviesareyougoingtoshowme?!
2010-12-28 20:57:36,40.759478,-73.805079,Ouch
2010-12-28 20:58:25,40.759478,-73.805079,Hepokesme"Gucci!"
2010-12-28 20:59:23,40.759478,-73.805079,Andthenandthenprada!
2010-12-28 21:00:40,40.759807,-73.805485,Theysattheretoldmethatthat
2010-12-28 21:01:18,40.759739,-73.805254,Udonthaveroomtofit!
2010-12-28 21:01:32,40.759784,-73.805251,wedonthaveroomtofit!
2010-12-28 21:02:16,40.759784,-73.805251,Ouchhhhh
2010-12-28 21:03:43,40.759478,-73.805079,@JeffreeStar awwwwwwwww
2010-12-28 21:09:01,40.759723,-73.805333,Bcuswesatdownreadaboutthejobsinthemusicindustryandandtheygetpaidmorethanwealldo!
2010-12-28 21:09:55,40.759723,-73.805333,BoringPeopledoingmockupinterviews
2010-12-28 21:11:33,40.759723,-73.805333,Theysatthereandtalkedaboutotherjobs
2010-12-28 21:12:20,40.759723,-73.805333,Theysittheresnaptheirfingersandaskwhatdoesthatmean?!
2010-12-28 21:18:29,40.759823,-73.805101,Aretheygivingmelike101reasonsnottoworkforamillionairecompany?!!!!??!!
2010-12-28 21:19:41,40.759636,-73.805023,tellhertoaskwhy?!
2010-12-28 21:23:41,40.759647,-73.805086,Theysatdownaccosttomebcustheydontlikemetheytheydeliberatlyputmeinthissituationsosodatwayidontfeellikeshit
2010-12-28 21:24:25,40.759647,-73.805086,unfollowthem
2010-12-28 21:25:44,40.759714,-73.805376,Sowho?
2010-12-28 21:27:41,40.759714,-73.805376,Andthensheissittingheresaying "sowhodiego?!"
2010-12-28 21:29:25,40.759712,-73.805227,itoldyouyoungdontlikethem
2010-12-28 21:31:01,40.759712,-73.805227,thatisjustajob!
2010-12-28 21:31:27,40.759712,-73.805227,maybetheyweretryingtohelpu?!
2010-12-28 21:32:30,40.759712,-73.805227,Ouch
2010-12-28 21:35:57,40.759670,-73.804999,thatswhattheytalkabout!
2010-12-28 21:37:39,40.759700,-73.805261,@DougSloan howlongareyouonline?!
2010-12-28 21:41:02,40.759670,-73.804999,I don't know why it hurts
2010-12-28 21:42:43,40.759670,-73.804999,nowitstartingtosoundlikeajoke! "stopjokingaround!"  "betrothalherebetrothalthere"
2010-12-28 21:43:38,40.759541,-73.805058,Ithurts
2010-12-28 21:45:10,40.759541,-73.805058,itsnotmyfaultyoudontknowwhatinconceivablemeans?!fanciless!
2010-12-28 21:46:28,40.759658,-73.804974,Andthenwewouldgoinroawholetopicaboutsexualharrasment
2010-12-28 21:47:03,40.759658,-73.804974,Peoplewouldstandhereandandtalkanoveltalkawholefuckingtextbook
2010-12-28 21:47:12,40.759658,-73.804974,Quoteonquote
2010-12-28 21:49:24,40.759527,-73.805088,Fromthewayilookatitithinkimhavingproblemsinteractingwithpeopleorortheyaremakingitlooklikeorimdoingthattothem
2010-12-28 21:53:05,40.759641,-73.805190,Everybodythinksilikeitbetterinboston
2010-12-28 21:53:33,40.759641,-73.805190,whereareyoutakingher?!
2010-12-28 21:54:58,40.759645,-73.805177,Hesatdownandaskedwhereareyoutakingher?!
2010-12-28 21:56:55,40.759609,-73.805195,Maybeigotdistractedbybymyownjealousyandbitchiness
2010-12-28 21:58:21,40.759614,-73.805149,WetookatourattheNYCHAhousing
2010-12-28 21:58:59,40.759614,-73.805149,aNYCHAhousingexcursion
2010-12-28 22:01:08,40.759614,-73.805149,Anditwasaugured/portendedalreadyinregardstoourprovidentpresentimentthatweweretomeetanditdidntgosowell
2010-12-28 22:03:06,40.759565,-73.805045,udonthatethem!
2010-12-28 22:04:59,40.759565,-73.805045,itoldyouwhy!  Andsomeonesathereintheotherroomandshammedhewashewas Weweredoingamockupofthe5%hiringrateforthecompany
2010-12-28 22:05:16,40.759565,-73.805045,Ikeephearingvoices
2010-12-28 22:07:15,40.759565,-73.805045,Sheisaviragocrashingintowallswithhercar
2010-12-28 22:07:52,40.759586,-73.805060,Theydolooklikepuppies
2010-12-28 22:09:28,40.759586,-73.805060,young!itwassomethingyousaid!
2010-12-28 22:10:25,40.759771,-73.805108,Theykeepfollowingmeandsayingthatthatiminthissituationduetothefactthatthatimmaxxxxingmendicant
2010-12-28 22:12:24,40.759586,-73.805060,Iwonderwhokeepsgivingmepimples?!
2010-12-28 22:14:21,40.759596,-73.805062,@TLautnerSays happynewyearsweetheart
2010-12-28 22:14:40,40.759596,-73.805062,Awwww
2010-12-28 22:16:20,40.759646,-73.804997,Notpresentiment
2010-12-28 22:18:20,40.759646,-73.804997,Wesitdowntalkaboutpeopledatingintheofficeandandistronglythinkitsreallynotagoodidea
2010-12-28 22:21:04,40.759766,-73.805122,Ithinkitsfromreadingtheinternettoomuch
2010-12-28 22:22:54,40.759766,-73.805122,Theysayitsnothing Andthoseguysaregossippingaboutthatthatwesoundphony
2010-12-28 22:23:50,40.759672,-73.805352,Theyarejokingabout Phony
2010-12-28 22:24:05,40.759672,-73.805352,ujokeaboutittoo!
2010-12-28 22:28:01,40.759672,-73.805352,Wesatdownwetalkedaboutthefactthatthat
2010-12-28 22:29:04,40.759672,-73.805352,HowcomelyhowcomelymrdonaldtrumpjrisandhowparishiltonhadaGermanhalloweencustome
2010-12-28 22:29:58,40.759652,-73.805004,Whoa!somuchtethering!
2010-12-28 22:30:57,40.759652,-73.805004,ThoseasiamguyswouldsittheretalkabouthowmySATskillssuck
2010-12-28 22:31:47,40.759555,-73.805092,ukeepdoingthattoypurself!
2010-12-28 22:34:40,40.759555,-73.805092,unfollowhim
2010-12-28 22:39:24,40.759555,-73.805092,Ididntknowshewashegf Andandtheywerereallyniceafteriwassobumptous
2010-12-28 22:48:09,40.759555,-73.805092,Youknowwhathappened?!
2010-12-28 22:48:33,40.759555,-73.805092,Iseewhatsgoingon!
2010-12-28 23:02:51,40.759757,-73.805244,wasn't he doing that for you?!
2010-12-28 23:03:04,40.759757,-73.805244,Heyelled!
2010-12-28 23:03:28,40.759757,-73.805244,scootover!
2010-12-28 23:09:30,40.759659,-73.805284,Snap
2010-12-28 23:10:09,40.759659,-73.805284,donation! Donation!
2010-12-28 23:10:35,40.759659,-73.805284,theyrakeupmoremoneythanher!
2010-12-28 23:14:08,40.759738,-73.805226,Shit
2010-12-28 23:14:40,40.759738,-73.805226,tell her to send a bigger one!
2010-12-28 23:20:51,40.759738,-73.805226,@GeorgeBush happy new year!
2010-12-28 23:34:31,40.759738,-73.805226,wait till he get on the technical side!
2010-12-28 23:57:39,40.759605,-73.805077,Wesatdown and said ewwww
2010-12-28 23:58:04,40.759605,-73.805077,Fainting
2010-12-29 00:07:12,40.759605,-73.805077,Theysatdown "who?! Who?! Young?!"
2010-12-29 00:12:31,40.759712,-73.805218,Theystoodthereaccosttomeandtoldmetostarepplfromafar
2010-12-29 00:13:57,40.759685,-73.805232,Nowireallyfeellikedying
2010-12-29 00:15:41,40.759685,-73.805232,Waitaminute!
2010-12-29 00:20:27,40.759689,-73.805021,@mrbradshaw sexy
2010-12-29 00:21:22,40.759689,-73.805021,tell young to write a novel about about y she loves djs so much!
2010-12-29 00:21:40,40.759689,-73.805021,tell her!!!! "tell Herr!!!"
2010-12-29 00:32:06,40.759631,-73.804935,Heisgoingtositthereandsay"justcometomyshow!"
2010-12-29 00:39:01,40.759647,-73.805276,Heisovertheresayingthatimmakingitabigdeal
2010-12-29 00:48:41,40.759899,-73.805065,@MarkusSchulz muah
2010-12-29 00:57:49,40.759695,-73.805087,Awww
2010-12-29 01:03:53,40.759695,-73.805087,makeher! Makeher feel like a celebrity!
2010-12-29 01:04:59,40.759695,-73.805087,he doesn't know what u want!
2010-12-29 01:08:53,40.759695,-73.805087,&lt;-anonymous
2010-12-29 01:10:43,40.759695,-73.805087,Now it don't hurt I think I recall the doctor said my uterine walls are sensitive
2010-12-29 01:11:32,40.759695,-73.805087,that's what's going on!
2010-12-29 01:12:02,40.759695,-73.805087,I think it was like 80 grand for a bookkeeper job
2010-12-29 01:12:36,40.759695,-73.805087,I don't kno what I want either now I'm so exhausted!!!
2010-12-29 01:12:51,40.759815,-73.805254,Theydonteven require a degree!!!
2010-12-29 01:13:05,40.759815,-73.805254,I guess I am a little bit slow
2010-12-29 01:13:45,40.759815,-73.805254,Now it hurt
2010-12-29 01:14:20,40.759815,-73.805254,Or they taught me that!
2010-12-29 01:15:21,40.759619,-73.805059,Zzzzzz
2010-12-29 01:16:13,40.759619,-73.805059,&lt;-"u hat to get trained to!"  And. By that time, I'll be like 35
2010-12-29 01:17:24,40.759682,-73.805137,u r going to be old!!!
2010-12-29 01:17:58,40.759682,-73.805137,No wonder mr Lagerfeld don't take me seriously... I hear him laughing all the time
2010-12-29 01:19:14,40.759679,-73.805323,Thinking....
2010-12-29 01:19:27,40.759679,-73.805323,I don't know what to do
2010-12-29 01:26:07,40.759586,-73.805105,take your time knowing ppl!
2010-12-29 01:26:38,40.759586,-73.805105,make young feel guilty!
2010-12-29 01:27:31,40.759586,-73.805105,I already know her!
2010-12-29 01:28:33,40.759664,-73.805353,something young said!
2010-12-29 01:29:06,40.759664,-73.805353,is dat what they meant by slow?!
2010-12-29 01:30:09,40.759713,-73.805245,tell her to interact!
2010-12-29 01:30:42,40.759713,-73.805245,Omg! And she would sitthere and say "omg!"
2010-12-29 01:31:48,40.759713,-73.805245,My life stinks
2010-12-29 01:33:27,40.759794,-73.805278,“@QTXBB: Interacting Not interacting Interacting Nit interacting” http://yfrog.com/h21zaxwj http://yfrog.com/h3sxqxj
2010-12-29 01:37:10,40.759796,-73.805316,that was what they were doing in there!
2010-12-29 01:39:25,40.759796,-73.805316,now shedoesntknowhyithurts!
2010-12-29 01:55:12,40.759818,-73.804880,now u kno how many girls like him!
2010-12-29 01:57:10,40.759818,-73.804880,see!
2010-12-29 01:57:45,40.759783,-73.805202,tellhertostopchangingnames!
2010-12-29 02:11:58,40.759552,-73.805073,A honest!
2010-12-29 02:12:13,40.759552,-73.805073,A twittershow?!
2010-12-29 02:13:16,40.759552,-73.805073,Andthenheisgoingtosithere...andsayabdsaythatthatnotthatmanypeoplearefollowingyou!
2010-12-29 02:21:42,40.759525,-73.805274,Ohhh  "manwhore?!"  "something young said!"
2010-12-29 03:11:20,40.759592,-73.805044,Wellwesatdowntalkedaboutthefactthatitsonly3-10%hiringratioandwantedtodoagroipthing
2010-12-29 03:12:44,40.759592,-73.805044,nobodydoesagroupthing!
2010-12-29 03:13:53,40.759592,-73.805044,whatdoesdatmean?!
2010-12-29 10:50:09,40.759689,-73.805017,ugotitallwrong!
2010-12-29 10:52:36,40.759727,-73.805123,@tiesto muah
2010-12-29 10:55:04,40.759682,-73.805081,nowucouldbetrothalhim!
2010-12-29 10:56:07,40.759682,-73.805081,nowhelookslikeacartoocharacter!
2010-12-29 10:57:50,40.759682,-73.805081,Uknonowthatithinkaboutit... Sheshestoodthere  "low/high/gambler?!"
2010-12-29 10:58:58,40.759682,-73.805081,Gamblingmoneynow?
2010-12-29 11:02:38,40.759682,-73.805081,Andtheyallyawnandsaythatiamacrackerlover
2010-12-29 11:02:58,40.759682,-73.805081,@YeJin_Hong howsitgoing?!
2010-12-29 11:03:20,40.759682,-73.805081,Yawn
2010-12-29 11:04:01,40.759682,-73.805081,@Tiesto canwebetrothalnow?!               Yawn
2010-12-29 11:04:50,40.759726,-73.805134,Runningaway
2010-12-29 11:05:48,40.759726,-73.805134,Andthatimtalkingtomyself
2010-12-29 11:06:42,40.759782,-73.805262,Itsgettingboringnowstaringatem
2010-12-29 11:07:41,40.759751,-73.805219,Wesatdowninfrontofthecomputer
2010-12-29 11:08:08,40.759784,-73.805241,Isthatwhattheyweretryingtodo?!
2010-12-29 11:09:02,40.759742,-73.805216,@Tiesto iloveyou
2010-12-29 11:09:18,40.759742,-73.805216,Shelovesyoutoo
2010-12-29 11:09:29,40.759786,-73.805200,Helovesyoutoo
2010-12-29 11:09:40,40.759786,-73.805200,Weloveyoutoo
2010-12-29 11:10:45,40.759790,-73.805262,causeyouaretalkingtoyourself!
2010-12-29 11:11:24,40.759790,-73.805262,Icantbelieveiwassupineabedand
2010-12-29 11:12:41,40.759528,-73.805063,thatcrackersarealsoturkish!
2010-12-29 11:15:52,40.759728,-73.805111,Igotaemailtoday.....fromoneoftherecruitersandwewerealltadbitworriedifiwasreallywritingajobsearchjournal
2010-12-29 11:17:43,40.759827,-73.805352,shesbeingtoldwhattodotoo
2010-12-29 11:18:47,40.759827,-73.805352,iabhorher
2010-12-29 11:19:06,40.759827,-73.805352,Everybodyissnappingtheirfingers
2010-12-29 11:19:31,40.759827,-73.805352,whatthehellaretheydoingtoyou?!
2010-12-29 11:20:13,40.759819,-73.805329,itoldhertoaccosttoyourmanager!
2010-12-29 11:22:08,40.759680,-73.805072,theythinksheisjokingaround
2010-12-29 11:28:15,40.759727,-73.805186,Ithinkisaidhewaswhitetoo
2010-12-29 11:28:51,40.759727,-73.805186,Theystandthere talkaboutsiedvanreil
2010-12-29 11:29:04,40.759727,-73.805186,Thatreallydidit
2010-12-29 11:29:29,40.759727,-73.805186,Heorshestoodthereandsaidwhocares?!
2010-12-29 11:29:46,40.759793,-73.805391,Mylifereallystinks
2010-12-29 11:30:43,40.759901,-73.805272,Hestoodtherekeepscallingmestupid
2010-12-29 11:31:20,40.759897,-73.805282,youarestupid!
2010-12-29 11:41:03,40.759656,-73.805048,Ireallythoughtthatthatwashisdaughter
2010-12-29 11:44:24,40.759656,-73.805048,Cute http://yfrog.com/h8xmgpqj
2010-12-29 11:46:44,40.759656,-73.805048,Wesatdowntalkabout Billionaire budgets And trillionaire assets
2010-12-29 11:47:52,40.759656,-73.805048,Theysitthere "stopgoingforlowerendstuff!"
2010-12-29 11:48:47,40.759760,-73.805255,Heisgoingtositthereandsay  "ifihadadaughterlikethat...!"
2010-12-29 11:49:35,40.759760,-73.805255,ithinkitsbetterweactprofessional
2010-12-29 11:50:09,40.759760,-73.805255,tellhertocallmemister
2010-12-29 11:51:32,40.759656,-73.805048,Ithoughtrussellsimmonswascooldoingtheraveridewithhishand
2010-12-29 11:56:03,40.759656,-73.805048,crackerwashedmyass!
2010-12-29 11:56:52,40.759656,-73.805048,I'll catch up or try to catch up with gifts later on I'm exhausted
2010-12-29 11:58:04,40.759656,-73.805048,oneverknewwhatahorribledaughteryouhave!
2010-12-29 12:01:51,40.759656,-73.805048,@ezraklein thinking
2010-12-29 12:02:10,40.759656,-73.805048,Howwetalkedaboutthestuffwesayandheheard
2010-12-29 12:03:19,40.759656,-73.805048,Andyesithadalottodowithworkingconditionsandandeverything
2010-12-29 12:03:35,40.759656,-73.805048,Ortheytaughtmethat?
2010-12-29 12:04:10,40.759656,-73.805048,Theyovertheretalkingaboutmebeungtreatedlikeabondmanandthemreadingaboutit
2010-12-29 12:04:16,40.759656,-73.805048,@marcusschossow woah
2010-12-29 12:07:59,40.759656,-73.805048,Theykeepsaying"horseshit"
2010-12-29 12:08:29,40.759656,-73.805048,@marcusschossow you must travel more than you play more?
2010-12-29 12:20:56,40.759894,-73.805292,youkeepsayinglikefamily!
2010-12-29 12:25:35,40.759757,-73.805123,doesthatmakeufeelbetterthatitsaminoritycompany?!
2010-12-29 12:26:54,40.759757,-73.805123,theydontwanttohurtherfeelings!
2010-12-29 12:28:20,40.759470,-73.805003,@csiriano wedidmeeteonsago!
2010-12-29 12:29:18,40.759470,-73.805003,@SpringerTV merry Xmas And a happy new year to you Big hug
2010-12-29 12:30:29,40.759778,-73.805261,youngisannoying!  Fretful?
2010-12-29 12:32:22,40.759651,-73.805156,uhavetobeannoying!
2010-12-29 12:32:57,40.759651,-73.805156,@AskMrMickey mrmickey?! How winsome u look today!
2010-12-29 12:33:27,40.759651,-73.805156,that's what young calls kissing ass!
2010-12-29 12:33:49,40.759651,-73.805156,Myhandssmellofclorox
2010-12-29 12:34:33,40.759651,-73.805156,Hecomesbyand "put or!"
2010-12-29 12:35:08,40.759783,-73.805244,tell her to put or!
2010-12-29 12:35:30,40.759783,-73.805244,Ihavetoseethesamefacesatmcdonalds
2010-12-29 12:35:50,40.759745,-73.805276,same ppl!
2010-12-29 12:36:37,40.759788,-73.805258,justgotothefinancecenter!
2010-12-29 12:37:29,40.759834,-73.805320,Eww clorox How hazardous
2010-12-29 12:39:12,40.759651,-73.805156,just go to the finance center!
2010-12-29 12:39:53,40.759651,-73.805156,dontuseclorox!
2010-12-29 12:40:38,40.759651,-73.805156,thatswhattheyweretryingtodo!
2010-12-29 12:41:35,40.759769,-73.805356,hahahha!
2010-12-29 12:42:50,40.759812,-73.805251,yea!andyouknowhowpplhaveacertainlook?!  And they stared at me and laughed
2010-12-29 12:44:09,40.759651,-73.805156,whatdidyoungsay?! That I felt like falling asleep?!
2010-12-29 12:44:45,40.759651,-73.805156,I wonder why
2010-12-29 12:45:00,40.759651,-73.805156,Not that xxx company
2010-12-29 12:45:57,40.759651,-73.805156,Decisionsdecisions Timetimetime Moneymoneymoney
2010-12-29 12:46:46,40.759809,-73.805278,wasitthatbad?! No
2010-12-29 12:47:22,40.759779,-73.805229,Productivity Productivity Productivity
2010-12-29 12:47:46,40.759738,-73.805205,Inert Inert
2010-12-29 12:49:11,40.759663,-73.805034,thatisallitdo!  "Dodo"
2010-12-29 12:50:00,40.759663,-73.805034,Whoisthisguy?!
2010-12-29 12:51:12,40.759839,-73.805322,Who the hell is this guy?
2010-12-29 12:52:33,40.759756,-73.805111,ifthatswhatucallabrogating!
2010-12-29 12:53:43,40.759800,-73.805212,thatshowugethurt!
2010-12-29 12:56:51,40.759817,-73.805273,letsshowyoungabrogating!
2010-12-29 12:58:23,40.759766,-73.805221,he is the T-Virus!
2010-12-29 13:00:02,40.759652,-73.805028,Stop showing me movies
2010-12-29 13:02:47,40.759673,-73.805637,Andnowtheythinkwelikeeachother
2010-12-29 13:03:25,40.759779,-73.805239,thatsabrogating!
2010-12-29 13:04:19,40.759779,-73.805239,@dkny pretty
2010-12-29 13:05:24,40.759742,-73.805201,iwanttohelpyou!
2010-12-29 13:07:25,40.759638,-73.805181,heisgoingtocostalottoo!
2010-12-29 13:12:07,40.759757,-73.805088,turnoffthelight! http://yfrog.com/h8cl9ij
2010-12-29 13:12:19,40.759761,-73.805264,tell her to go to the finance center!
2010-12-29 13:21:00,40.759594,-73.804992,Theykeepsaying "thatsaysalot!"
2010-12-29 13:21:55,40.759594,-73.804992,Theykeepsaying "thatssaysalot!!!!"
2010-12-29 13:23:13,40.759594,-73.804992,maybetheysimulatingyou!
2010-12-29 13:28:49,40.759728,-73.805252,theysittheretalkabouthowyoungisprogrammed!
2010-12-29 13:58:04,40.759661,-73.805176,butthatshowitstarts! Dizzy
2010-12-29 14:02:38,40.759661,-73.805176,Theresthiswhitegirlkeepfollowingme "thatshowitstarts!"
2010-12-29 14:13:48,40.759661,-73.805176,Theminoritiesruletheuniverse "tellhertodotheballarinatwirl!"
2010-12-29 14:14:35,40.759661,-73.805176,scootoverman!
2010-12-29 14:41:40,40.759826,-73.804876,Great! Damtwittering!
2010-12-29 14:42:06,40.759826,-73.804876,And now it's time everybody goes home
2010-12-29 15:05:35,40.759688,-73.804997,shedontwanttogetthemintrouble!
2010-12-29 15:06:44,40.759688,-73.804997,Dizzy
2010-12-29 16:42:39,40.759730,-73.805089,stopshowinghermovies!
2010-12-29 17:49:10,40.759721,-73.805133,Ihopeso
2010-12-29 17:49:46,40.759721,-73.805133,Itfeelslikesomeoneispullingonmystrings
2010-12-29 17:51:03,40.759721,-73.805133,canyoustopcallingpeoplefat!
2010-12-29 17:51:27,40.759721,-73.805133,Canpeoplestopgnashingtheirteeth?!
2010-12-29 17:51:52,40.759721,-73.805133,thatisnotwhattheyaredoing!
2010-12-29 17:52:02,40.759721,-73.805133,Ouch
2010-12-29 17:52:31,40.759721,-73.805133,@Tiesto
2010-12-29 17:53:57,40.759721,-73.805133,itfeelslikesheorheisgoingtohelpmebutidontthinkso
2010-12-29 17:57:50,40.759721,-73.805133,IthinkthatswhAtthoseasianpeopleweredoing Workinginfinance.....lookingforajob
2010-12-29 17:58:24,40.759721,-73.805133,utrustpeopleinyourschool?!
2010-12-29 17:59:12,40.759854,-73.805229,Dizzy
2010-12-29 18:01:23,40.759721,-73.805133,Theysatdown talkedaboutthatpplinfinancemakemoremoney
2010-12-29 18:02:28,40.759721,-73.805133,letmetellyouhowsensitivetheuterinewallsare!
2010-12-29 18:03:24,40.759860,-73.805241,howwastheplacetheyreferredyou?!
2010-12-29 18:05:40,40.759721,-73.805133,whoisincharge?!  Who?
2010-12-29 18:05:50,40.759721,-73.805133,Whodidthat?!
2010-12-29 18:10:49,40.759738,-73.804989,Ouch
2010-12-29 18:11:42,40.759738,-73.804989,Thatfinancestuff....
2010-12-29 18:12:34,40.759738,-73.804989,youngsatdownaskedastupidfavortokeepherbusywhilestudyingatdubspot!  Stoppppitttt!
2010-12-29 18:13:58,40.759825,-73.805335,nowondershethinksthestaffingagenxyisprankcallingher! "shegoestothehairsalonandaskthemforhelp!" "theyprankaroundtoo!"
2010-12-29 18:16:47,40.759738,-73.804989,Shithole
2010-12-29 18:17:35,40.759738,-73.804989,theydonotprankaround!
2010-12-29 18:18:00,40.759738,-73.804989,Dizzy
2010-12-29 18:18:47,40.759789,-73.805500,thereshegoescallsmegayanditwirks!
2010-12-29 18:18:55,40.759764,-73.805621,itworks!
2010-12-29 18:21:56,40.759787,-73.804977,nowyoucouldcallherawashcloth!
2010-12-29 18:23:31,40.759787,-73.804977,Abitarchaic
2010-12-29 18:24:11,40.759787,-73.804977,Depressing!
2010-12-29 18:24:36,40.759817,-73.805312,itappearsheishelpingyou!
2010-12-29 18:28:54,40.759766,-73.805243,Pleasebebenignandcoddleyouruterinewallgently
2010-12-29 18:30:42,40.759579,-73.805042,Ishouldsnevercamehere
2010-12-29 18:31:18,40.759579,-73.805042,thatswhytheydontlikeyou!
2010-12-29 18:31:32,40.759579,-73.805042,youdidthattoyourself
2010-12-29 18:36:09,40.759522,-73.804902,Icouldntstopstaringattheirteeth
2010-12-29 18:36:44,40.759522,-73.804902,Orheshedidthattome?!
2010-12-29 18:38:06,40.759875,-73.805219,Andnowmyteethisyellow!
2010-12-29 18:38:11,40.759829,-73.805199,Ewwwww
2010-12-29 18:39:00,40.759822,-73.805260,Andhowmomusedtoaccoutermeinmexicanattire
2010-12-29 18:39:56,40.759822,-73.805260,Ihavetosithereandwatchtannedasianmencontroltheoffices
2010-12-29 18:40:12,40.759822,-73.805260,Theyconyroltheuniverse
2010-12-29 18:40:25,40.759822,-73.805260,Theycontroltheuniverse
2010-12-29 18:40:51,40.759791,-73.805409,Awww
2010-12-29 18:41:21,40.759791,-73.805409,Ishouldsnevercamehere
2010-12-29 18:41:32,40.759809,-73.805354,Ishouldanevercamehere
2010-12-29 18:42:00,40.759846,-73.805241,@sn00ki
2010-12-29 18:43:05,40.759881,-73.805203,Itriedtopayoffthemeninaclandestinemeetingforajob
2010-12-29 18:43:53,40.759617,-73.805023,Ithinkthisiswhatweweredoinginjhs I forgot!
2010-12-29 18:47:48,40.759584,-73.805105,Theysatdownaccosttometomeetnewpeople
2010-12-29 18:59:28,40.759575,-73.804970,thattheylikemoneymorethanyou!
2010-12-29 19:18:17,40.759681,-73.805239,Iactuallylikecalifornia
2010-12-29 20:37:18,40.757403,-73.826041,Asinine huh?!
2010-12-29 20:37:56,40.757403,-73.826041,@mrbradshaw cool
2010-12-29 20:48:17,40.757384,-73.826063,@maryjblige I love u
2010-12-29 22:57:04,40.759764,-73.805258,“@QTXBB: Ishouldanevercamehere”
2010-12-29 22:57:51,40.759764,-73.805258,@tiest0addict :)
2010-12-29 23:03:59,40.759649,-73.805285,@CoryBooker @mikebloomberg hey!
2010-12-29 23:05:15,40.759857,-73.805350,Ikeeptellingherthattheyareallsomeone
2010-12-29 23:05:50,40.759869,-73.805291,talktoher! "talktoheraboutwhat?!"
2010-12-29 23:13:36,40.759661,-73.805151,Imstartingtothink I'm inane I asked them? Should I ask again?
2010-12-30 00:06:16,40.752963,-73.780387,nowshescheckingoutmacys!
2010-12-30 14:06:34,40.759662,-73.805047,Theysatdown  "so act like that white boy!"
2010-12-30 14:07:41,40.759662,-73.805047,watch the news!
2010-12-30 14:21:06,40.759711,-73.805211,she's talking about her weight!
2010-12-30 14:53:49,40.759561,-73.805099,Theywouldsitthere "is that a manwhore?!" http://yfrog.com/h2ivoxyj
2010-12-30 15:02:19,40.759822,-73.805262,Awww man
2010-12-30 15:03:58,40.759822,-73.805262,stop eating!
2010-12-30 15:04:59,40.759822,-73.805262,what's the ratio of dat?!
2010-12-30 15:12:42,40.759595,-73.805056,what new people?!
2010-12-30 15:18:46,40.759670,-73.805149,Oh wow!
2010-12-30 15:26:20,40.759609,-73.805122,that's what we were doing!  "tell her to cry!"
2010-12-30 15:28:08,40.759609,-73.805122,that's what we were doing you moron!
2010-12-30 15:29:32,40.759609,-73.805122,she's not talking about your hair!
2010-12-30 15:30:39,40.759628,-73.805117,you are not on wiki!
2010-12-30 16:28:35,40.759628,-73.805117,Jesus Christ!
2010-12-30 16:29:14,40.759628,-73.805117,Hewasonhistwitter Lookingat xxx company and we were looking at job qualifications!
2010-12-30 16:29:51,40.759628,-73.805117,Can u guys stop teasing "wait till she watches the news!"
2010-12-30 16:32:15,40.759712,-73.805218,as long as you know what you are doing!
2010-12-30 16:33:33,40.759712,-73.805218,as long as you know what was going on!
2010-12-30 16:34:19,40.759712,-73.805218,Now are they really deliberately doing that ?!
2010-12-30 16:34:48,40.759712,-73.805218,Woke up supine abed
2010-12-30 16:36:31,40.759558,-73.805129,do what they taught you!
2010-12-30 16:40:16,40.759831,-73.805423,something young said!
2010-12-30 16:42:04,40.759831,-73.805423,tell her to calculate!  Calculate him?!
2010-12-30 16:42:46,40.759831,-73.805423,@BusaBusss teasing I love you
2010-12-30 16:45:51,40.759831,-73.805423,I think we were looking at Bank of America
2010-12-30 16:46:17,40.759831,-73.805423,something young said....
2010-12-30 16:46:59,40.759831,-73.805423,Awww mannnn
2010-12-30 17:03:54,40.759729,-73.805276,now u could do it!
2010-12-30 17:04:27,40.759729,-73.805276,they don't live here!
2010-12-30 17:05:49,40.759744,-73.805140,she thinks we are playing around now!
2010-12-30 17:06:57,40.759744,-73.805140,that's what u were doing!
2010-12-30 17:12:03,40.759681,-73.805064,it hurts
2010-12-30 17:12:13,40.759681,-73.805064,Bank of America?!
2010-12-30 19:02:52,40.759682,-73.805184,now you can have implants!
2010-12-30 19:04:27,40.759682,-73.805184,He said nothing but nice thing about hedimarks
2010-12-30 19:06:19,40.759682,-73.805184,just tell young to ask better favors!
2010-12-30 19:16:03,40.759624,-73.804966,We were talking about sales techniques and it started turning into a joke
2010-12-30 19:28:57,40.759558,-73.805147,stop eating!!!!!
2010-12-30 19:31:57,40.759558,-73.805147,@RyanSeacrest muah
2010-12-30 19:35:26,40.759558,-73.805147,let it be!
2010-12-30 19:49:25,40.759700,-73.805211,@DonaldJTrumpJr I love your caricature
2010-12-30 19:50:55,40.759700,-73.805211,Theysatdown told me they are gonna hang me on a cross in the club
2010-12-30 19:51:35,40.759783,-73.805231,he was worried about you!
2010-12-30 19:54:18,40.759700,-73.805211,Worried or babysitting And or snooping around
2010-12-30 20:31:06,40.759673,-73.805120,@JeffreeStar I love u
2010-12-30 20:32:18,40.759673,-73.805120,Mindless jobs....
2010-12-30 20:34:11,40.759594,-73.805007,I think he is gay too
2010-12-30 21:06:29,40.759652,-73.805091,@cocosworld muah
2010-12-30 21:11:45,40.759632,-73.805113,I had accost to the other doctor about having screws removed And he said I didn't have to  But I look it up online it says I have to
2010-12-30 21:14:34,40.759651,-73.805146,to be careful
2010-12-30 21:15:21,40.759651,-73.805146,she heard rumors about him too! And she know how he dresses!
2010-12-30 21:16:32,40.759695,-73.805251,Stop Eating!!!!!
2010-12-30 22:10:49,40.759799,-73.805022,Wesatdowncalculatedhisincome
2010-12-30 22:11:33,40.759799,-73.805022,tell her to make sure!
2010-12-31 00:17:05,40.725956,-73.761473,whattheyaregoingtodo "studyyou!andpairyouupwithsomeoneintheirfavor!"
2010-12-31 00:18:00,40.725043,-73.771267,I wonder why I didn't do that
2010-12-31 00:20:18,40.725074,-73.771457,value what asset?!
2010-12-31 16:26:54,40.757997,-73.787034,I felt complacent about my life
2011-01-01 14:37:37,40.759766,-73.805125,Y do they keep using rudimentary English?!
2011-01-01 14:37:43,40.759766,-73.805125,Me?!
2011-01-01 14:39:54,40.759642,-73.805070,Hestoodthere "we are! Going to use rudimentary English"
2011-01-01 14:41:22,40.759642,-73.805070,I made my teacher FAT
2011-01-01 14:41:41,40.759642,-73.805070,I think they did it
2011-01-01 14:41:55,40.759642,-73.805070,Bcus of something I said
2011-01-01 14:42:12,40.759701,-73.805199,What did you say?!
2011-01-01 14:42:57,40.759679,-73.805147,stop eating!!!!
2011-01-01 14:48:53,40.759722,-73.805017,that squabble was not related to your teacher!
2011-01-01 14:49:27,40.759722,-73.805017,tell young to stop eating!
2011-01-01 14:54:18,40.759742,-73.804995,@tiest0addict I like your caricature
2011-01-01 14:55:30,40.759742,-73.804995,r u done staring at the finance center?!
2011-01-01 16:28:17,40.759715,-73.805330,@OfficialKimora pretty
2011-01-01 16:57:24,40.759639,-73.805137,I feel sick now
2011-01-01 16:59:42,40.759639,-73.805137,he gets upset you said something about the way he looks
2011-01-01 17:00:00,40.759639,-73.805137,@torianddean happy new year
2011-01-01 19:48:51,40.759665,-73.805102,who keeps following u?
2011-01-01 20:39:00,40.750199,-73.805638,but she knew they make millions!
2011-01-01 21:04:35,40.759735,-73.805108,@Bergdorfs hello
2011-01-01 21:05:38,40.759735,-73.805108,@Tiesto I love u
2011-01-01 21:06:13,40.759805,-73.805214,Sue u for what?!
2011-01-01 21:09:38,40.759915,-73.805025,a bigger franchise u moron!
2011-01-01 21:58:12,40.759735,-73.805108,Maybe they were trynna tell me something!
2011-01-01 22:39:47,40.759647,-73.805206,I guess it was a group thing
2011-01-01 22:43:25,40.759647,-73.805206,u just get a glimpse!
2011-01-01 22:50:03,40.759647,-73.805206,@MikeBloomberg u2
2011-01-01 23:03:02,40.759647,-73.805206,your aunt lied to u
2011-01-01 23:41:56,40.759730,-73.805029,Awww "that tanned skin is a luxury"
2011-01-01 23:42:20,40.759730,-73.805029,They keep Armani!
2011-01-01 23:43:39,40.759730,-73.805029,What's bigger than Armani?!  "Finance Center"
2011-01-01 23:44:29,40.759730,-73.805029,I think she's lying?!
2011-01-01 23:45:27,40.759730,-73.805029,I think she's lying about the 7.50
2011-01-02 00:01:15,40.724952,-73.772092,Pass over the bottle
2011-01-02 00:02:13,40.724952,-73.772092,Can someone please pass over a glass bottle?!
2011-01-02 00:02:56,40.724952,-73.772092,italian people! "scoot over!"
2011-01-02 00:03:47,40.725109,-73.771230,now that I know her age...
2011-01-02 00:33:34,40.725476,-73.771187,I never knew y they do that
2011-01-02 07:30:35,40.759630,-73.804972,@DavidFaustino poke
2011-01-02 07:31:31,40.759630,-73.804972,Fansite!
2011-01-02 07:32:52,40.759795,-73.805178,theytossedyououttheirwindow!
2011-01-02 07:33:32,40.759795,-73.805178,My weight?!
2011-01-02 14:10:11,40.759686,-73.805057,@thelittleidiot happy new year
2011-01-02 14:12:31,40.759714,-73.805256,@LaidbackLuke happy new year
2011-01-02 14:21:21,40.759828,-73.805429,@juneAmbrose happy new years
2011-01-02 14:38:17,40.759769,-73.805165,Awwww  They kept doing the woompa sounds
2011-01-02 14:40:03,40.759769,-73.805165,Awww
2011-01-02 14:40:30,40.759769,-73.805165,Young is a horse!
2011-01-02 14:56:07,40.759769,-73.805165,I already told young
2011-01-02 14:56:46,40.759769,-73.805165,Thinking.....
2011-01-02 15:07:27,40.759622,-73.805099,Westoodthere Talked about Ikea
2011-01-02 15:09:52,40.759698,-73.805114,send a bigger box!
2011-01-02 15:11:37,40.759698,-73.805114,She stood there "young! They keep sending you over to places with degrees!"  Eons and eons ago
2011-01-02 15:12:35,40.759726,-73.805253,Now that I think about it, I kno alot of them in there...
2011-01-02 22:02:14,40.759703,-73.805032,now she thinks the doctor did it on purpose
2011-01-02 23:40:04,40.717470,-73.818061,@marcusschossow :(
2011-01-03 13:50:50,40.759638,-73.805150,Death Parade !!!!
2011-01-03 18:30:03,40.759711,-73.805150,Beverly Hills look like Mexico!
2011-01-03 18:31:04,40.759711,-73.805150,@tiesto hot
2011-01-03 18:44:57,40.759711,-73.805150,@calvinharris poke Happy new year
2011-01-03 18:45:43,40.759711,-73.805150,@ericlumiere happy new year
2011-01-03 18:53:18,40.759711,-73.805150,So I got a couple of phone calls  And majority of them are in new jersey or long island  Jobs
2011-01-03 18:53:32,40.759711,-73.805150,Same peeps
2011-01-03 18:54:12,40.759711,-73.805150,@diplo comely
2011-01-03 18:54:51,40.759817,-73.805200,Hesathere "don't go!" "abrogate em"
2011-01-03 18:55:13,40.759771,-73.805193,someone is prank calling u
2011-01-03 18:56:38,40.759825,-73.805532,I felt so complacent about my life
2011-01-03 20:38:24,40.759748,-73.805325,we could visit u!
2011-01-03 20:53:22,40.759643,-73.805109,Had lunch with, with some winsome guy from the staffing agency Have to follow up  Eons and eons ago
2011-01-03 20:53:49,40.759643,-73.805109,Theysatthere "don't eat with em"
2011-01-03 20:54:29,40.759694,-73.805261,that's what they told young
2011-01-03 20:54:43,40.759694,-73.805261,Same person I got off the phone!!!!
2011-01-03 20:56:33,40.759643,-73.805109,I think we were watching a manwhore show And and
2011-01-03 20:58:31,40.759639,-73.805274,I think that guy was on that show
2011-01-03 21:56:54,40.759829,-73.805420,Theysatthere worried "what does she mean by immigrants?!"
2011-01-03 21:58:33,40.759709,-73.805150,Were they?! Were they?!
2011-01-03 22:04:32,40.759620,-73.805168,u made fun of him...!
2011-01-03 22:07:15,40.759620,-73.805168,They r over there telling me not to ask them for help
2011-01-03 22:08:19,40.759620,-73.805168,try again!
2011-01-04 00:27:32,40.757765,-73.780159,Now that I think about it....
2011-01-04 06:52:14,40.759619,-73.805020,My room smells
2011-01-04 06:56:51,40.759645,-73.804994,Brawl bell
2011-01-04 07:00:17,40.759645,-73.804994,willy wonka n da chocolate factory
2011-01-04 07:01:19,40.759645,-73.804994,Let da air out
2011-01-04 14:17:39,40.759767,-73.805282,Wow
2011-01-04 14:17:55,40.759767,-73.805282,@RonaldvGelderen cute
2011-01-04 14:19:55,40.759762,-73.805391,what r they forewarning you about now?!
2011-01-05 22:40:32,40.759636,-73.805046,Dats a rerun
2011-01-05 22:41:25,40.759636,-73.805046,u get it?!!??!  The stuff I'm writing?!
2011-01-05 23:32:52,40.759669,-73.805101,@RyanSeacrest pet
2011-01-06 22:31:04,40.759758,-73.805326,but they see eachother anyway and and it's nothing!
2011-01-06 22:31:39,40.759758,-73.805326,Shootme
2011-01-06 22:33:02,40.759581,-73.804999,Omg!!!!
