2010-06-17 18:22:20,40.962938,-73.848649,Stick ya dick in a light switch and fuck off...
2010-06-17 18:23:44,40.962938,-73.848649,Punch ya father in the face and knockout that motherfucker
2010-06-17 19:04:10,40.962938,-73.848649,Throw a book at your face. Now read it and weep.
2010-06-17 20:28:16,40.959849,-73.841491,I'm not into that woe is me shit but is this shit on Terrance week or something. Your god damned. Get at me when my weather improves.
2010-06-18 07:13:32,40.932349,-73.887891,Let me throw some personal truths out there. I hate both the Lakers and Celtics (sports hate though) I hate the Celtics more #Knicksfan...
2010-06-18 07:15:12,40.932815,-73.887561,Kobe Bryant is the best player in the NBA right now and arguably the 4th most dominant player of all-time. Wish he wasn't but he may...
2010-06-18 07:16:36,40.936756,-73.885249,You can't compare Lebron to Kobe until he starts winning championships. That's multiple. Lebron is very talented but immature...
2010-06-18 07:19:50,40.942871,-73.880711,That whole East coast, West coast shit is dead when u have all three Texas teams in the West. Geography?  Also, the NBA stuck to the script.
2010-06-18 07:22:33,40.945653,-73.878335,C'mon having repeat champs going into one of the highest anticipated free agency periods since it's institution will just add to the fire.
2010-06-18 07:24:07,40.951383,-73.875901,I'm definitely not an expert but my personal truths aka opinions tend to be based on facts. Rebuttal?
2010-06-18 07:27:18,40.955240,-73.861328,Bitch you get no love....
2010-06-18 12:21:19,40.962938,-73.848649,I'm done. Mentally. Done
2010-06-18 12:45:44,40.962938,-73.848649,Can I get a "fuck outta here!"
2010-06-18 13:48:04,40.962938,-73.848649,Shoot me in the face with your favorite gun.
2010-06-18 13:51:52,40.962938,-73.848649,Toy Story 3 tonight @ 7. Who's down
2010-06-18 14:16:26,40.962938,-73.848649,Can I collapse?
2010-06-18 15:14:59,40.962938,-73.848649,I need a translator for my behavior.
2010-06-18 17:31:08,40.962938,-73.848649,Toy Story 3 @ 7
2010-06-18 17:35:59,40.961899,-73.823043,Swengib if you're nasty...
2010-06-18 21:13:30,40.960503,-73.841259,Toy Story 3 was every thing I hoped for... bliss on screen
2010-06-18 21:49:00,40.930632,-73.888442,I can't breathe without you...
2010-06-19 17:25:35,40.945776,-73.879167,It feels like I'm talking to myself... Recovery
2010-06-19 17:31:46,40.954892,-73.863265,I need someone who can shut me up and not out...
2010-06-19 17:46:14,40.962756,-73.839614,On Fire... Recovery. Buy it June 21st!
2010-06-19 19:37:17,40.974514,-73.832768,Hartsdale Garden. My friend owns this place.
2010-06-19 20:22:11,40.974669,-73.832823,I want to go hard with my music. I can't find the opportunity
2010-06-19 20:29:30,40.974691,-73.832790,This is why I don't like living in the Hood.
2010-06-19 21:20:48,40.973678,-73.832633,I does that..
2010-06-19 23:01:22,40.973773,-73.832456,I apologize in advance for one of the tracks I am apart of...
2010-06-19 23:49:00,40.973629,-73.834038,Mixtape dropping sooner than anticipated.
2010-06-20 00:11:26,40.973602,-73.833761,Been doing this 9 years old. And yet you've been playing with ya balls longer...
2010-06-20 07:46:57,40.935264,-73.885594,Recovery June 21st Buy It. I have to buy two for every Thank Me Later and Blueprint III album I didn't buy.
2010-06-20 08:02:09,40.921565,-73.862427,I don't feel like working today. They're still going to pay me.
2010-06-20 08:05:29,40.921543,-73.862451,Eminem - Seduction / Ahw...
2010-06-20 16:46:05,40.907030,-73.860956,It don't hurt me no more...
2010-06-20 16:48:51,40.907030,-73.860956,Happy Father's Day. I'm one of the rare sons whose father stayed in his life despite the other 3 children in his life. #antistatistic
2010-06-20 16:55:13,40.921349,-73.862401,87 in a Hoody and u feel right
2010-06-20 17:00:36,40.921355,-73.862435,Linkin Park - In The End
2010-06-20 17:11:45,40.931988,-73.870733,Kid Cudi ft. Chip Tha Ripper - T.G.I.F.
2010-06-20 17:47:12,40.930556,-73.888453,Can't wait until the outcome is income.
2010-06-20 17:59:45,40.930353,-73.888132,Those buttery motherfuckers will melt in your mouth... Black Dynamite
2010-06-21 02:02:44,40.930687,-73.888500,Voted Most likely to succeed in my invention
2010-06-21 02:22:36,40.930504,-73.888413,Who wants to join me in my intervention.
2010-06-21 02:32:35,40.930567,-73.888515,Time to officially announce I'm looking for a career. I have music in my pocket but with the state of the industry I can't depend on it...
2010-06-21 02:36:43,40.930585,-73.888458,I love music. I love making music. But I can't depend on it to pay my bills and advance right now. Also, my job sucks.
2010-06-21 02:47:57,40.930485,-73.888306,@AIhakim lol we can actually make that happen.
2010-06-21 02:52:13,40.930484,-73.888314,@AIhakim sign into my twitter/ don't recognize the picture/ I think I want to get @ her/ she says "I wanna get wit ya"
2010-06-21 02:55:48,40.930528,-73.888297,@AIhakim I don't know what's up wit alphys. Twizz and Skitz may be down even Bryan
2010-06-21 02:57:52,40.930512,-73.888317,@AIhakim no doubt. Lets not have this be another Victory lap lol
2010-06-21 03:00:18,40.930515,-73.888326,I need to start going back to the gym I used to live near and joined because.
2010-06-21 03:06:41,40.930322,-73.888378,@AIhakim I'm sure
2010-06-21 03:12:29,40.930434,-73.888397,@AIhakim it's good. In a way, you helped Twizz link up musically
2010-06-21 03:18:17,40.930618,-73.888441,@AIhakim I think that was the first track we collaborated
2010-06-21 03:22:14,40.930630,-73.888460,@AIhakim lol
2010-06-21 10:51:03,40.933853,-73.889783,Laundry
2010-06-21 10:55:23,40.933375,-73.889522,@AIhakim lol crazy thing is I'm on top of elm.
2010-06-21 10:58:21,40.933324,-73.889492,@AIhakim because I did a pivot
2010-06-21 11:17:23,40.932909,-73.889033,Univision in HD. I've never heard a language I understand sometimes with such clarity...
2010-06-21 11:19:45,40.932957,-73.889121,Switzerland is so diverse. I know this woman from Holland (Different country) who looks Filipino.
2010-06-21 11:26:08,40.941116,-73.900709,@AIhakim be black? Lol
2010-06-21 11:28:55,40.941116,-73.900709,@AIhakim Prince Of England status
2010-06-21 13:19:27,40.938207,-73.884162,The Game - Red Light
2010-06-21 13:22:41,40.944385,-73.880119,J. Cole - Lil Ghetto Nigga / Listen to this classic now. Better than Drake
2010-06-21 13:29:30,40.955253,-73.871965,I'm listening to this for the rest of day including at work. Music is my Savior and this is why I'm hot.
2010-06-21 14:35:29,40.962938,-73.848649,Lights Please
2010-06-21 14:59:45,40.962938,-73.848649,Following 9
2010-06-21 15:00:20,40.962938,-73.848649,8
2010-06-21 15:01:12,40.962938,-73.848649,Elimination complete for now
2010-06-21 15:47:49,40.962938,-73.848649,@deem09 fam I'm hoody'd up all year round. #sweatshop
2010-06-21 15:49:45,40.962938,-73.848649,Damn Ive been here for not even two hours and wanna leave. Time to destroy this clock
2010-06-21 15:52:49,40.962938,-73.848649,Any careers I can get some actual money and work for it. #antideskjobstatus
2010-06-21 16:00:34,40.962938,-73.848649,@deem09 if only I was so lucky. I breeze with a Hoody on and I'm good if mother nature decides to shit on Yonkers again
2010-06-21 16:54:48,40.962938,-73.848649,Where my timeline go?
2010-06-21 18:05:28,40.962938,-73.848649,#Who should I start following on here?
2010-06-21 18:44:42,40.962938,-73.848649,Pay me!!!
2010-06-21 19:49:02,40.962938,-73.848649,Inside of You...
2010-06-22 01:08:12,40.930792,-73.888276,Motherfucker I'm gone...
2010-06-22 10:51:36,40.930279,-73.888557,Damn girl, you got some sexy ass knees. I know you not a hoe. I need that in my life... #randumb
2010-06-22 10:52:41,40.930330,-73.888577,I think I'm gonna have to start talking to females 35 and over because most of the females around my age are immature as fuck
2010-06-22 19:18:26,40.953077,-73.842524,J. Cole - Lil Ghetto Nigga
2010-06-22 22:01:28,40.930502,-73.888558,@AIhakim same premise
2010-06-22 22:01:53,40.930491,-73.888594,@AIhakim yo do u want a slot on my mixtape?
2010-06-22 22:05:27,40.941116,-73.900709,@AIhakim Aite we gotta get a track done ASAP then because I have like 5 songs left to do
2010-06-22 22:29:34,40.930490,-73.888561,@AIhakim how late?
2010-06-22 22:34:44,40.941116,-73.900709,@AIhakim what r u doing Thursday night?
2010-06-22 23:24:38,40.930942,-73.888627,@AIhakim what r u looking for?
2010-06-23 00:29:37,40.941116,-73.900709,@AIhakim I figured lol I'm down with
2010-06-23 07:06:10,40.932467,-73.887733,I'm expecting adverse health complications in about five years at this rate.
2010-06-23 07:07:54,40.932492,-73.887839,Download THE BRAINSTORM VOL. 1 and let me know what you think.
2010-06-23 11:41:36,40.962938,-73.848649,Where are the mature females in my life? I need to talk to all of you.
2010-06-23 12:34:08,40.962938,-73.848649,This is bullshit
2010-06-23 12:42:36,40.962938,-73.848649,Not feeling tomorrow. So I'm not feeling tomorrow
2010-06-23 13:21:58,40.962938,-73.848649,Now I'm smiling.
2010-06-23 13:30:46,40.954826,-73.872549,Where am I now?
2010-06-23 13:31:23,40.954373,-73.872875,Oh really? How that doesn't make a lot of sense
2010-06-23 13:31:48,40.953277,-73.874343,More sense
2010-06-23 13:32:15,40.951971,-73.875585,Again? #boredwithsyncedaccounts
2010-06-23 13:35:56,40.944987,-73.880231,@MissKitaKatt really?!? lol
2010-06-23 14:24:39,40.926925,-73.885541,Oooo wait until I get to a computer. Promo!!!
2010-06-23 14:28:03,40.926872,-73.885910,Yonkers Middle School Graduation. Not too young to get smudacked!
2010-06-23 15:13:43,40.932139,-73.871864,V.I.P. Section lol jk no such thing in Yonkers
2010-06-23 16:46:44,40.927127,-73.885718,I love women in high heels
2010-06-23 21:27:02,40.941116,-73.900709,Mi Es Peligro... Wrong but don't care
2010-06-24 00:21:26,40.941116,-73.900709,Celino and Barnes reppa
2010-06-24 14:21:43,40.921648,-73.862382,Hit me.
2010-06-24 14:34:26,40.921631,-73.862207,I come prepared http://twitpic.com/1zldwa
2010-06-24 14:37:48,40.922507,-73.860686,Jon B - They Don't Know
2010-06-24 14:49:03,40.948368,-73.848702,Follow @MissKitaKatt just for her ____ ass tweet. Passing out Hurt feelings like they drinks. Lol
2010-06-24 15:24:29,40.962938,-73.848649,Shift = shit and get the f out
2010-06-24 15:26:01,40.962938,-73.848649,Shift = shit and I can't wait to get the f out*
2010-06-24 15:53:27,40.962938,-73.848649,Help me make this money
2010-06-24 16:31:27,40.962938,-73.848649,This place got me singing old R&B tracks. Blackstreet...
2010-06-24 16:35:23,40.962938,-73.848649,Ill go crazy.... if you take ur love away from me...
2010-06-24 16:42:16,40.962938,-73.848649,If it isn't love...
2010-06-24 21:20:36,40.953251,-73.842867,My Air Max are performance enhancers.
2010-06-24 21:22:34,40.953181,-73.842848,I never said I was the greatest or best at anything. I'm just good in a lot of what I do. I strive to be the best though.
2010-06-24 21:38:08,40.950908,-73.876294,I may write another Brainstorm tonight. Feeling crazy unfocused and disorganized, mentally.
2010-06-24 22:32:20,40.930726,-73.888605,Once again, we meet at last...
2010-06-25 07:47:13,40.932445,-73.887945,Soaring, is this allowed? Good morning ish
2010-06-25 07:58:18,40.938848,-73.883738,I'm actually impressed with the Knicks draft picks from what I know about them but I'm heading to school so we'll see How I feel afterwards.
2010-06-25 07:59:19,40.942206,-73.880961,Also, I hope the Knicks groom them and keep them in the family if they meet their potential.
2010-06-25 08:01:54,40.946987,-73.876687,@bringontheking I want him no where near my team or city. #goawaylebron #LebrontotheClippers
2010-06-25 08:04:06,40.951912,-73.874923,The Game - Better On The Side
2010-06-25 08:08:09,40.954412,-73.864225,Wale - Shades
2010-06-25 16:34:40,40.931867,-73.854222,Foreigner needs to shut up. In pieces... my ears are in pieces
2010-06-25 16:36:28,40.931867,-73.854222,Lets get it... only if you with it :-)
2010-06-25 17:09:17,40.931867,-73.854222,Grown ups tonight
2010-06-25 17:37:50,40.928867,-73.856356,Hoody
2010-06-25 18:52:19,40.962478,-73.833223,Get Grown... on my M.I.A. status. I'm vibing in my zone
2010-06-25 23:13:49,40.930591,-73.888426,Legendary http://twitpic.com/1zzqxg
2010-06-25 23:15:42,40.930559,-73.888428,Grown Ups = Randumbly Funny movie. I recommend.
2010-06-26 20:01:49,40.924744,-73.897391,@AIhakim good luck and tell them to bring it to the network
2010-06-26 20:26:34,40.923962,-73.895451,@deem09 lucky...
2010-06-26 20:31:46,40.931452,-73.892591,@deem09 wasn't invited
2010-06-26 20:41:01,40.936628,-73.893554,@deem09 Yeah I think lol
2010-06-26 23:41:56,40.963226,-73.848445,Linkin Park - What I've Done
2010-06-27 02:32:20,40.930632,-73.888328,Ride ON a truck, check. Play a drugdealer, check. Play pool&win, check. Taco bell, check. Chill w family, check. ReConnect w friends, check.
2010-06-27 09:18:13,40.930445,-73.888529,Split a niggardly in 2, make the peace sign with him... Free Weezy
2010-06-27 09:27:43,40.930413,-73.888433,Are we on strike? Let me know so I can find out what potential my nap has.
2010-06-27 09:36:54,40.930491,-73.888388,I hate uncertainty and I despite confusion. I don't know how I feel about you...
2010-06-27 10:53:15,40.963226,-73.848445,Ppl be hating on grapefruit juice. Half gallon before this "shi(f)t".
2010-06-27 17:28:45,40.932286,-73.856880,Kidz In The Hall ft. The Cool Kids, Pusha T & Bun B - Driving Down The Block (Remix)
2010-06-27 17:39:58,40.923691,-73.857320,Kevin Rudolf is talented on his there guitar
2010-06-27 17:42:05,40.924049,-73.857457,92 in a Hoody. I'm not normal. *Jake hits the bag*
2010-06-28 07:37:09,40.930667,-73.888537,Apparently everything is better with a bag of weed.
2010-06-28 07:54:35,40.930740,-73.888440,Disney presents Lady & The Tramp & Michael Vick & Chris Brown
2010-06-29 00:31:38,40.930701,-73.888332,@AIhakim who lunch money do I have to take?
2010-06-29 00:36:41,40.930671,-73.888370,@AIhakim lol aite
2010-06-29 11:09:38,40.955239,-73.842446,Rihanna - The Last Song / Just listen to it then throw out your Drake albums.
2010-06-29 12:54:42,40.963226,-73.848445,Dead day at money. Ok
2010-06-29 19:18:48,40.939424,-73.884040,Rihanna - Stupid In Love / Why the hell am I feeling this album so much now?
2010-06-30 06:58:04,40.932846,-73.887821,I love facts.
2010-06-30 07:48:58,40.951439,-73.838580,JR Writer - Get Em
2010-06-30 13:48:14,40.963226,-73.848445,Now that's my Muffukin Jam
2010-06-30 15:45:53,40.963226,-73.848445,Funny how those who think they know it all lose the race before they realize it was a competition
2010-06-30 18:03:26,40.900613,-73.792482,Drake - Brand New / Better than his brand new stuff.
2010-06-30 20:23:15,40.920684,-73.851609,Last Airbender midnight get @ me
2010-07-02 09:08:02,40.927742,-73.883868,Back on my drug of choice and it shouldn't take long for me to balance out. BTW I think women with piercings are beautiful. #Motherlandtweet
2010-07-02 15:53:51,40.963226,-73.848445,92% of the cold cuts I cut end up airborne.
2010-07-02 15:57:25,40.963226,-73.848445,Bullay
2010-07-02 16:41:19,40.946670,-73.853785,Manhattan tomorrow. Who's down?
2010-07-02 21:47:53,40.961980,-73.823075,Central Ave. Where u at?
2010-07-02 22:18:09,40.976787,-73.830655,@SKITZMUSIC at the top
2010-07-02 22:28:21,40.978588,-73.806864,@SKITZMUSIC they can't go harder than us
2010-07-02 22:37:40,40.976666,-73.830466,@SKITZMUSIC really
2010-07-02 22:37:49,40.976786,-73.830506,@SKITZMUSIC me 2
2010-07-03 12:32:38,40.941049,-73.899045,Wait! If she can throw her pussy, why wouldn't I duck? That shit ain't ordinary.
2010-07-03 13:55:31,40.935314,-73.885634,So many things going on today. I never had to choose between two things and not sacrifice anything if that makes sense
2010-07-03 14:17:54,40.924394,-73.854302,Paul Cain
2010-07-03 14:27:20,40.924504,-73.854528,I fly like Paper, get high like Planes. Living the fly life, dealing with shit but to die is the same. Think About That
2010-07-03 14:30:08,40.924411,-73.854475,I hava 27 hour fresh. After those 27 hours I hav2 take a shower. Kno ur fresh bc sum of u smell like budget cut garbage pick up. 1 a week.
2010-07-03 14:40:02,40.922171,-73.852837,Knight and Day just because.
2010-07-03 14:47:48,40.925967,-73.859469,Money Never Sleeps
2010-07-04 00:19:49,40.941049,-73.899045,Really, Brock Lesner? Really?
2010-07-04 09:48:51,40.935345,-73.885571,Working on the 4th and not out until 5 #wastedday?
2010-07-04 10:03:59,40.921571,-73.862502,Fuel - Hemorrhage
2010-07-04 10:14:41,40.928371,-73.856500,Barton Fink - Gimmie Some More
2010-07-04 17:21:52,40.946159,-73.853937,Chris "Beatdown" Brown - What I Do
2010-07-04 23:05:05,40.915083,-73.859411,Farewell, farewell, farewell....
2010-07-05 09:58:18,40.930254,-73.887243,Follow my fam @rtwizz he's new to twitter. hit him up
2010-07-05 11:03:19,40.931188,-73.887820,@rtwizz omw to work and not upset BC there's AC Lol welcome 2 twitter
2010-07-05 11:07:10,40.933049,-73.887721,Omw to AC and know It ain't Jersey
2010-07-05 12:50:40,40.963082,-73.848153,@rtwizz whoa? And no invite. Damu
2010-07-05 16:49:20,40.963082,-73.848153,This chick @livelauqhlauren is about to lose her job. Anyone want it?
2010-07-05 16:50:47,40.959550,-73.843144,Just threw an hour of my life in the shitter. Now I have to stay an extra 3 hours. Ppl fucking up.
2010-07-05 16:54:17,40.963082,-73.848153,Anyone want a job working nights (2-9ish) let me know.
2010-07-05 19:54:53,40.963082,-73.848153,Amare in NY? Idk yet. I'm not surprised or upset but who's gonna be the "other guy". NY needs results not names. #Knicksfantweet
2010-07-05 21:13:38,40.930751,-73.887805,Blackout
2010-07-05 21:33:50,40.930586,-73.888318,So really. Is this the only block with no power?
2010-07-05 21:37:51,40.930560,-73.888401,Lights are back on. Someone pulled the plug.
2010-07-05 21:48:04,40.930531,-73.888494,We don't need no smart dead guy. Hit dem books doonie!
2010-07-05 23:54:04,40.930651,-73.888381,Roadhouse
2010-07-06 11:26:42,40.963082,-73.848153,Fuck y'all, eat glass... Killa
2010-07-06 11:28:21,40.954865,-73.863119,My respect goes out to those taking care of accidents and turning them into victories. Children can be the future. Do your part.
2010-07-06 22:23:52,40.930476,-73.888354,I will be uploading two new remixes tonight. If you like J. Cole and/or Bobby Ray's music, listen.
2010-07-07 17:14:40,40.953082,-73.842482,J. Cole ft. T.A.T. - Lil Ghetto Nigga
2010-07-07 17:35:22,40.942937,-73.880323,My life = Your Entertainment = My paycheck.
2010-07-07 20:06:39,40.930390,-73.888285,Chicago got Really nervous & embarrassed when D. Wade announced Miami. So much in fact, they signed Carlos Boozer. Sarcastically, Good job!
2010-07-07 20:12:06,40.941049,-73.899045,One thing You may not know about me is that I don't like to kill any creature of any kind. I don't trust them either. #nopets
2010-07-07 20:18:52,40.930658,-73.888400,Some ppl need to get off the bullshit. They starting to stink.
2010-07-07 21:23:56,40.941049,-73.899045,I need to sleep but my body is telling me no.
2010-07-08 02:21:36,40.930552,-73.887971,Going back to sleep. P.s. this is what twitter used to be lol
2010-07-08 03:52:30,40.930800,-73.888523,Its 78Â° right now & it seems like this is the only bearable time of day 2b out. But this is like 90s Yonkers so I may get shot. #sadbuttrue
2010-07-08 08:01:15,40.932558,-73.887679,I prefer fine dine/ during dine time/ #2tired2finishthat
2010-07-08 08:50:30,40.950979,-73.836578,Hall & Oates - Private Eyes
2010-07-08 14:07:03,40.963082,-73.848153,3.5 hours left. Been here since 9. Can I make it?
2010-07-08 18:34:19,40.944718,-73.851330,Still here.
2010-07-08 18:40:03,40.925446,-73.857629,Gorilla Zoe ft Ne-Yo - Echo (Remix)
2010-07-08 19:11:57,40.920725,-73.854142,Let's put it this way. Even when I'm not, I am...
2010-07-08 22:35:02,40.935193,-73.862299,So are they all gonna share D Wade's 1 ring?
2010-07-08 22:38:10,40.934771,-73.886555,So is Chris Paul going this year or next year?
2010-07-08 22:52:48,40.930692,-73.888424,So everyone is going to pretend like they don't know about What I would like to call, "The Olympic Pact".
2010-07-08 23:00:42,40.930620,-73.888374,@AIhakim no one cares about the Celtics.
2010-07-08 23:02:31,40.941049,-73.899045,@AIhakim I wanted him no where near my team and I've been saying that since jump.
2010-07-08 23:03:05,40.930561,-73.888462,@AIhakim I wanted Joe Johnson and David Lee.
2010-07-08 23:04:45,40.930530,-73.888467,Lebron didn't end up in NY. Thank you basketball gods. I'm happy for that. Attention whore ass nigga. #hoodtweet
2010-07-09 08:06:36,40.935066,-73.886440,Told ya, told ya, dont act like i never told ya... even when I'm not strong, I'm stronger.
2010-07-09 08:12:03,40.947426,-73.876857,In My Zone....
2010-07-09 08:12:35,40.948692,-73.876476,@Boogimusmaximus lol
2010-07-09 08:15:15,40.951110,-73.876027,I'm Vibing, Get Grown, Woo-Tangn, In My Zone, Dade County #08-09Miami Tweet aka before the Hurricane Lebronda
2010-07-09 08:18:55,40.954620,-73.864040,Phone conversations, ain't no discussion. Where we meeting? Where we fucking? ~ Billy Blue
2010-07-09 13:44:46,40.963082,-73.848153,I'm Golden, keep your bitch ass silver over there.
2010-07-09 16:27:48,40.963082,-73.848153,#ThinkAboutThat
2010-07-09 16:32:57,40.963082,-73.848153,Lil Wayne - Kobe Bryant / Dedicated to Hurricane Lebronda and his blowers... I mean winds. #notakobefanjustnotalebronfan
2010-07-09 16:47:26,40.950979,-73.836578,I wish I could do a song w/ all of the ppl I follow on #twitter. One big track. 10 ppl on a track is nothing compared 2a DJ Khaled track lol
2010-07-09 16:52:13,40.931929,-73.854230,Lil Wayne ft. Brisco - Wall / Where the hell did this song come from? I like. Get hit in the face. Book. #Supadupaflow
2010-07-10 11:24:38,40.930547,-73.888285,I got this. So #ThinkAboutThat
2010-07-10 12:29:21,40.935300,-73.882328,Regardless of what their pro basketball team is up 2, I still want to go back to Miami. Dade County waddup! M.I.Airport fly & sexy lol
2010-07-10 12:32:07,40.931234,-73.870636,Oh and on the bball topic. Welcome back to the garden, Carmelo!!! Oh. Too soon. Aite we'll talk later.
2010-07-10 14:32:38,40.920522,-73.851902,Weaksauce
2010-07-10 18:53:46,40.920592,-73.851603,What are you up to? I'm about to be bored.
2010-07-10 19:15:52,40.921059,-73.852079,Free time
2010-07-10 19:57:40,40.928992,-73.856529,The things that I've seen. The dreams that I've dreamed. The rain my sky. The pain in my eyes. ~ J. Cole
2010-07-10 20:11:09,40.936615,-73.855460,If you asked me, I'm ready....
2010-07-11 10:03:27,40.921570,-73.862350,Work.
2010-07-11 21:29:02,40.992725,-73.820293,Sunday.
2010-07-11 22:25:01,40.992725,-73.820293,I'm golden.
2010-07-11 22:54:07,40.930529,-73.888465,Worked, copped an extra half-hour with an extra dollar, saw Despicable Me, loved it, went to T.G.I.Friday's for dinner with a friend. GD, GN
2010-07-12 08:45:22,40.930415,-73.888160,@impurrrfectKATT Happy Birthday! On this day the world became more enlightened. Enjoy it as we have been able to enjoy your presence. #fb
2010-07-12 08:47:36,40.930439,-73.888191,Work from 12 to 8 aka the try not to kill the Filipino asshole by kicking him in the temple with a timberland on.
2010-07-12 09:08:11,40.930491,-73.888324,Twitagra
2010-07-12 10:45:04,40.932579,-73.887644,The block is quiet. Think Smokey and Craig waiting for Big Worm quiet. This shit is eerie.
2010-07-12 10:50:15,40.941049,-73.899045,Always kept it real. 100 since I been in. Never less while you Ben 10.
2010-07-12 11:32:43,40.963082,-73.848153,@PtahsKitten getting mad shit for ya bday huh. Doubt I'm the 1st to say that but Voila
2010-07-12 11:39:31,40.963082,-73.848153,What you drinking on? Shots!
2010-07-12 20:30:30,40.938921,-73.855451,I'll take that Jordan overtime. 23 minutes time and a half.
2010-07-12 20:37:38,40.920780,-73.854055,I'm not afraid to work hard 4 good money. Can any1 help me out? This $8.50 per hour shit isn't cutting it anymore. Yeah. That's all I make.
2010-07-13 00:07:38,40.952061,-73.874204,Follow me. On twitter.  Follow me in the streets..
2010-07-19 19:33:21,40.963082,-73.848153,Thought about coming back and changed my mind. Deuces
2010-07-20 10:19:06,40.932822,-73.887714,On here. Been busy. Seen me know that. Know me, you know me. Today is no different. Catch me if you can.
2010-07-20 12:48:38,40.963082,-73.848153,Fucking captain selling dreams. Scratch that free weekend.
2010-07-20 16:13:10,40.963082,-73.848153,So scratch all of that. I am now without anything to do. No videoshoot, no tournament. No life. I'm gone. Nothing to talk about. Deuces
2010-07-20 18:06:02,40.963082,-73.848153,#Jadawatch friendlys on tuckahoe really? Lol
2010-07-20 18:25:29,40.946159,-73.853937,Went from 120 to 0 to 45. I could complain but I will not.
2010-07-21 06:52:23,40.932702,-73.887724,Articulate but still grab a nigga by the collar, quick ~ T.I.
2010-07-21 07:27:40,40.955180,-73.865951,I feel I'm obelisk among men, know I'm as human as you, and believe I'm flawed but understand I'm untouchable to those who think otherwise.
2010-07-21 16:36:49,40.954568,-73.863982,Under The Influence of Giants - Mama's Room
2010-07-21 18:00:00,40.930513,-73.888501,Just finished my part for the "To The Top" video with @SKITZMUSIC and 730. You can't go harder than that.
2010-07-21 18:17:05,40.930600,-73.888602,Anyone want to join me in my takeover? I'm calling it "History Class".
2010-07-22 17:20:46,40.941049,-73.899045,My twitter account now exists to interact with people I normally would not know otherwise. So does most of yours. I follow interesting ppl.
2010-07-22 17:21:27,40.941049,-73.899045,Oh and if I forgot. History Class.
2010-07-22 20:17:13,40.945172,-73.868959,Still learning how to say "Thank You". So far I've gotten "I Try" down pact.
2010-07-22 22:25:29,40.976744,-73.830649,@SKITZMUSIC Race Night we in here. History Class!
2010-07-23 08:44:56,40.930587,-73.888415,Long night. Early morning. Shut up pay me status. I'm going to work but I'm not working. History Class!
2010-07-23 09:30:22,40.950807,-73.876351,I'm not tired. I'm fatigued. Thinking about a nap in the cooler today.
2010-07-23 09:31:56,40.955822,-73.866782,Akon - Tired Of The Running
2010-07-24 07:18:12,40.941049,-73.898937,Working today. Another "Shut up, pay me" type day. You want service? Go to Shoprite. History Class.
2010-07-24 15:23:26,40.957080,-73.842417,Have you seen my girl. Her name is Pursuit. She's from Happiness, New York.
2010-07-24 19:22:30,40.973746,-73.832435,History Class
2010-07-25 13:03:25,40.935264,-73.886627,Tyga, Gucci Mane, and Sean Garrett (fts) - She Geeked / Why do I like this song?
2010-07-25 13:04:29,40.935359,-73.885797,Fts = Fuck The Spelling
2010-07-25 13:09:11,40.935352,-73.885714,History Class. Passed out
2010-07-25 13:43:01,40.920700,-73.851471,I just saw what I could assume was either a robin or cardinal. I'm calmed. History class
2010-07-26 20:56:42,40.941049,-73.898937,Kevin Rudolf ft. Lil Wayne - Spit In Your Face / My anthem right now. I dedicate this 2 those who take my talents 4 granted. History Class.
2010-07-26 23:02:15,40.930647,-73.888366,My youngest sister is starting to talk and comprehend. I never thought I would thank Spongebob for anything. Still wont #hater History Class
2010-07-27 10:03:10,40.930246,-73.888528,Feeling like Pineapple Express right now. Brand new and worth killing for. 1st step of a newly unemployed man. Ask and I'll explain.
2010-07-27 10:07:33,40.941049,-73.898937,@AIhakim Nah but I refuse 2 do actual work & get paid as little as I do. Its sort of a paid strike lol. The "Shut Up, Pay Me" tude is on.
2010-07-27 10:16:06,40.930419,-73.888170,@AIhakim I'm going to stay there until I find another job but not extend an arm. They have to pay me regardless. This is going to be fun.
2010-07-27 11:26:44,40.930543,-73.888355,@AIhakim best of luck fam.
2010-07-27 11:29:21,40.930545,-73.888378,The sky might fall...
2010-07-27 12:18:55,40.935019,-73.886344,Before when ppl didn't know I did music it was with purpose. if You don't know now then you're hard-headed.
2010-07-27 12:44:06,40.951102,-73.836651,Billly Blue
2010-07-27 12:51:46,40.957127,-73.841896,Shut Up, Pay Me (@ Pathmark) http://4sq.com/aXFH1U
2010-07-27 12:59:54,40.963058,-73.848184,50 Cent ft. Eminem - Psycho / How I start my shift.
2010-07-27 13:49:08,40.963058,-73.848184,2 Stacker 2s never = a good idea
2010-07-27 15:12:29,40.963058,-73.848184,5 hours?  Shit money is money.
2010-07-27 16:57:53,40.963058,-73.848184,No stress on me. Im living drama free. You have an issue, keep it over there and away from round me.
2010-07-27 17:25:24,40.963058,-73.848184,Would it be inappropriate to shout "Gay" at the top of my lungs right now?
2010-07-27 17:55:35,40.963058,-73.848184,I'm about to drop an acme anvil on the day.
2010-07-27 20:27:13,40.986447,-73.848059,Sex is one of the events you have to shower before and after. Others include house parties and being anywhere in Florida.
2010-07-27 23:47:28,40.928380,-73.888320,Or close by. (@ Sullivan Park) http://4sq.com/bxU2Ko
2010-07-28 18:40:16,40.979662,-73.810986,Had a lil workout now I'm read 2 get it in.
2010-07-28 19:26:31,40.833844,-74.058134,Random right? But true. (@ Coca Cola) http://4sq.com/bkc9gS
2010-07-28 20:03:25,40.920271,-73.867306,Yeah on a Wednesday. History Classic (@ Radioshack) http://4sq.com/cqrUcR
2010-07-28 21:25:36,40.973717,-73.832477,@AIhakim they the shit
2010-07-28 21:26:36,40.973736,-73.832458,Why can't I have more normal friends?
2010-07-28 23:33:27,40.992657,-73.820429,Plan: Get Drunk.
2010-07-28 23:37:13,40.995212,-73.819869,I just ordered a @iamdiddy up at T.G.I.Friday's Ill let you know how it is.
2010-07-28 23:42:42,40.995293,-73.819908,Damn Aite @iamdiddy You won that round. That's my drink.
2010-07-28 23:47:45,40.992657,-73.820429,Alcohol level = tipsy
2010-07-29 01:21:36,40.990138,-73.867984,Kanye West - Through The Wire
2010-07-29 11:13:25,40.933015,-73.888731,Chances are that I will be late to work and I'm doing nothing to decrease those chances. #Shutuppayme #HistoryClass
2010-07-29 11:23:49,40.946720,-73.877178,On me (@ Saw Mill River Rd) http://4sq.com/9gQDqs
2010-07-29 11:28:48,40.952421,-73.851920,On the move. (@ Tuckahoe Rd) http://4sq.com/a6U2fm
2010-07-29 11:37:47,40.957127,-73.841896,I just became the mayor of Pathmark on @foursquare! http://4sq.com/aXFH1U
2010-07-29 11:37:51,40.957127,-73.841896,Supm (@ Pathmark) http://4sq.com/aXFH1U
2010-07-29 13:07:33,40.963058,-73.848184,In a zone
2010-07-29 13:41:12,40.963058,-73.848184,Flow gifted like the honor roll - Gudda Gudda
2010-07-29 17:22:10,40.963058,-73.848184,Is it safe to assume that all fat black ppl know each other? they meet up like union meetings. Where's my invite?
2010-07-29 20:41:30,40.983899,-73.827182,Close (@ Barnes & Noble - Yonkers) http://4sq.com/5vYSZI
2010-07-29 20:42:37,40.984258,-73.826873,Wtf (@ Party City - Yonkers) http://4sq.com/9QYGEY
2010-07-29 20:43:37,40.983899,-73.827182,I don't read. (@ Barnes & Noble - Yonkers) http://4sq.com/5vYSZI
2010-07-29 20:44:05,40.983770,-73.827290,I don't read (@ Bank of America) http://4sq.com/8X9dFN
2010-07-29 20:46:02,40.985565,-73.825453,Central Cruising.
2010-07-29 20:57:36,40.982186,-73.825278,Why? (@ Pathmark) http://4sq.com/4OMzG7
2010-07-29 21:08:26,40.981913,-73.825016,@AIhakim yes
2010-07-29 21:15:58,40.981315,-73.829116,Trying to make big moves but ppl keep kicking my pivot foot.
2010-07-30 01:01:36,40.936175,-73.885641,Rhythm is a dancer
2010-07-30 07:57:01,40.932650,-73.887674,Today can be a good day but my aim is to make it History.
2010-07-30 08:00:21,40.932636,-73.887615,The Game ft. Mars - Through My Eyes
2010-07-30 15:24:18,40.951102,-73.836651,I think I'm done trying to save money. Ill work. Pay bills and then use what's left on music (studio time and instrumentals)
2010-07-30 19:07:24,40.925155,-73.853216,Near (@ Super Stop & Shop) http://4sq.com/7KUaJk
2010-07-30 19:25:54,40.884796,-73.899634,? (@ Bronx Ale House) http://4sq.com/6irtdu
2010-07-30 19:38:10,40.924137,-73.858645,On the move (@ Dunkin Donuts) http://4sq.com/aXwICK
2010-07-31 03:04:15,40.925100,-73.856200,Still out (@ Cross County Mall) http://4sq.com/6OwRxo
2010-07-31 03:05:10,40.924137,-73.858645,Still out (@ Dunkin Donuts) http://4sq.com/aXwICK
2010-07-31 03:30:15,40.927448,-73.883893,Kinda (@ Rumsey Road) http://4sq.com/cvQyLv
2010-07-31 03:30:26,40.928380,-73.888320,Kinda (@ Sullivan Park) http://4sq.com/bxU2Ko
2010-07-31 03:31:18,40.928380,-73.888320,I'm at Sullivan Park (Yonkers). http://4sq.com/bxU2Ko
2010-07-31 08:32:02,40.930601,-73.888747,Back in the swing. Win. History Class
2010-07-31 09:34:55,40.930934,-73.871650,Game at 10. Wish me lucj
2010-07-31 13:41:56,40.933683,-73.877812,Got scraped in both games. I'm not even mad bc we kno what mistakes we made and will improve. A squad arrives tomorrow anyways. Bronx Lions.
2010-07-31 13:42:50,40.934545,-73.879391,Long walk home.
2010-07-31 14:07:24,40.934591,-73.886257,@JonWattsMusic chea mon
2010-07-31 14:16:15,40.934452,-73.886412,@JonWattsMusic aren't we all a Lil lol Nah I'm crazy tired. How u been?
2010-07-31 14:45:25,40.934464,-73.886163,@JonWattsMusic chilling trying to get this music career started. Im still gonna use that squad up beat
2010-07-31 18:51:58,40.941049,-73.898937,This neighborhood is so discouraging. I need a change of scenery
2010-07-31 20:12:22,40.941049,-73.898937,Alda Snow - Inside Of You
2010-07-31 20:13:21,40.930691,-73.888521,Aldous Snow - Inside Of You *
2010-08-01 09:39:52,40.930531,-73.888313,2 more games today then gonna try to get some laundry in
2010-08-02 11:59:35,40.941049,-73.898937,Laundry, then working that extra late shift but don't expect me to work.
2010-08-02 12:02:24,40.933493,-73.889630,Wale & K'naan - TV in the Radio
2010-08-02 12:16:57,40.933278,-73.889590,Dead By Sunrise - Morning After
2010-08-02 12:46:48,40.933390,-73.889644,Creed - My Sacrifice
2010-08-02 13:00:36,40.933337,-73.889281,Lil Wayne ft. Gucci Guy - Steady Mobbin'
2010-08-02 13:38:53,40.930647,-73.888162,Obie Trice, 50 Cent, & Eminem - Love Me
2010-08-02 16:25:13,40.957127,-73.841896,Yeah (@ Pathmark) http://4sq.com/aXFH1U
2010-08-02 16:35:27,40.963058,-73.848184,New attitude and same pay. Still a plus. Outta school for years and still A+
2010-08-02 19:03:00,40.963058,-73.848184,Should I leave at 8 or wait til 10 or rob these wocka flocka suit again?
2010-08-03 10:00:34,40.929879,-73.888424,Last night was random and lit. Ideal. History Class
2010-08-03 13:02:26,40.963058,-73.848184,Feelin Gullay
2010-08-03 20:36:24,40.936460,-73.885648,ESPN NBA - LeBron James and Heat will face Kobe Bryant and Lakers on Christmas Day tell me that doesn't look retarded. DWade fans raise up
2010-08-03 20:48:57,40.930658,-73.888542,Smile Empty Soul - This Is War
2010-08-03 21:03:08,40.930559,-73.888436,@JonWattsMusic I was actually commenting on the way ESPN is still on lebrons dick. Its still dwade's team.
2010-08-03 21:08:56,40.930650,-73.888393,@JonWattsMusic not yet. It goes Jordan, Pippen, then Bryant.
2010-08-03 21:27:21,40.941049,-73.898937,@JonWattsMusic @JonWattsMusic Kobe needed stars from other teams to win again (odom, gasol), magic had kareem and worthy...
2010-08-03 21:28:33,40.941049,-73.898937,@JonWattsMusic tim duncan could never win on his own and without pippen m.j. wouldn't have his rings. The accolades? Sure but not rings
2010-08-03 21:29:24,40.941049,-73.898937,@JonWattsMusic pippen in his prime was just as dominant at his position as jordan was at his.
2010-08-03 21:35:52,40.930667,-73.888362,@JonWattsMusic magic had two of/the greatest players w him is my point. td can't dominate a game on a consistent basis. 24 can and 23 could.
2010-08-03 21:43:53,40.930673,-73.888300,@JonWattsMusic true I can retool my list to mj, kobe, and then pippen but that's it
2010-08-03 21:54:14,40.930670,-73.888363,@JonWattsMusic pg, magic. Sg, Jordan. SF. Pippen. Pf. Barkley. C. Shaq.
2010-08-03 21:54:24,40.930658,-73.888374,@JonWattsMusic 320
2010-08-03 22:04:14,40.930720,-73.888427,@JonWattsMusic u keep Kobe, duncan and Malone. We got this
2010-08-03 22:18:57,40.930426,-73.888509,@JonWattsMusic you got that but if each players peak years are calculated. My team wins
2010-08-03 22:51:42,40.930611,-73.888514,Opening
2010-08-03 22:52:25,40.928380,-73.888320,One mo gan (@ Sullivan Park) http://4sq.com/bxU2Ko
2010-08-03 23:08:05,40.930644,-73.888442,@JonWattsMusic Mj 95-96
2010-08-03 23:18:22,40.930531,-73.888294,@JonWattsMusic 8?
2010-08-03 23:26:15,40.930924,-73.888492,@JonWattsMusic lol
2010-08-04 07:03:51,40.932623,-73.887275,I got moves to make. Powermoves. I'm in a class of my own. History Class.
2010-08-04 07:08:12,40.932620,-73.887415,Think About That: Lesson One: History Class
2010-08-04 07:25:59,40.952967,-73.874560,Stat Quo - Deliver Me / I have never signed a major record label deal nor am I religious, but this song resonates with me.
2010-08-04 07:57:10,40.957127,-73.841896,Work? (@ Pathmark) http://4sq.com/aXFH1U
2010-08-05 10:43:14,40.933213,-73.899322,Omw to 42nd for a photoshoot. I'm trying. History Class & Tastes Like Gold Collaboration. Wisdom.
2010-08-05 10:51:29,40.922072,-73.895740,JR Writer - Live From The Kitchen
2010-08-05 19:58:17,40.957127,-73.841896,Oops (@ Pathmark) http://4sq.com/aXFH1U
2010-08-06 08:03:08,40.957127,-73.841896,Shutuppayme (@ Pathmark) http://4sq.com/aXFH1U
2010-08-06 17:32:51,40.953275,-73.843491,Road (@ Dunkin Donuts) http://4sq.com/cEpx4H
2010-08-06 17:33:08,40.953043,-73.842846,Moving (@ Carlo's Restaurant) http://4sq.com/991lSr
2010-08-06 17:33:28,40.951295,-73.845146,I don't read (@ Yonkers Public Library - Grinton I. Will Branch) http://4sq.com/cF5YY4
2010-08-06 17:34:07,40.952659,-73.843596,Fresh cuts (@ Untouchables Barber Shop) http://4sq.com/al6cGP
2010-08-06 17:39:04,40.929112,-73.857664,I'm at Burger King (826 Central Park Ave, Hwy 87, Yonkers). http://4sq.com/aeBRaq
2010-08-06 18:06:58,40.925155,-73.853216,I'm at Super Stop & Shop (111 Vredenburgh Ave, at Xavier, Yonkers). http://4sq.com/7KUaJk
2010-08-06 20:23:29,40.986091,-73.825377,The Other Guys (@ UA Movieland Yonkers) http://4sq.com/aMJazZ
2010-08-06 21:08:51,40.982946,-73.824798,Gators bitches better be usin jimmys!
2010-08-07 15:03:50,40.921074,-73.863548,Glorious Day.
2010-08-07 15:22:33,40.961522,-73.840145,Kevin Rudolf - Scarred
2010-08-07 22:07:31,40.973748,-73.832440,LMFAO - La La La
2010-08-08 07:52:40,40.930347,-73.888579,I wish I didn't understand the concept of responsibility. Only then would I do anything reluctantly. & Party it up. But I'm a grown man so..
2010-08-08 08:32:55,40.921559,-73.862272,The E4 - Its A Problem
2010-08-09 09:14:54,40.932686,-73.887620,If you could take one thing with you, what would it be?
2010-08-09 15:22:34,40.963417,-73.848028,She's a Maneater
2010-08-09 17:11:40,40.951076,-73.836685,Man, I'll feel up ya woman
2010-08-09 17:11:56,40.963417,-73.848028,I'm in ya head like some sorta disorder. History Class
2010-08-09 19:19:31,40.953134,-73.842528,And dinners for the winners, while you niggas snack on nuttin. Eat A Dick.
2010-08-09 22:22:18,40.924206,-73.900639,Monstars!!!
2010-08-10 09:54:26,40.963417,-73.848028,I'm feeling like Kid Cudi's music right now. *Free Punchline* GO!
2010-08-10 14:06:16,40.957127,-73.841896,Wtf (@ Pathmark) http://4sq.com/aXFH1U
2010-08-11 13:23:07,40.921387,-73.862304,D12 - Rap Game
2010-08-11 14:27:31,40.957127,-73.841896,Anyone wanna chill I'm in seafood and its OD boring (@ Pathmark) http://4sq.com/aXFH1U
2010-08-11 14:51:50,40.951076,-73.836685,I losing the battle for her but I hope she knows I battle or her. I can't all it love, no not yet. I haven't filled that spot yet.
2010-08-11 14:56:51,40.951076,-73.836685,Wow that was off-ful. I need an editor lol. I hav nvr really loved enough 2 say I wasn't in love. When its real, its known and I don't know.
2010-08-11 14:59:31,40.963417,-73.848028,I haven't even been in an actual relationship since 2003. What's a title? Maybe I should start doggin until I don't find a bitch.
2010-08-11 15:05:03,40.951076,-73.836685,I'm leaving a lot up to fate BC trying isn't working. My life is getting in the way of my wants and that sounds ridiculous.
2010-08-11 15:17:17,40.951076,-73.836685,I'm more abstinent than promiscuous. Is that why I shy away from actual relationships? I've been doing this solo for so long. Change?
2010-08-11 15:20:20,40.951076,-73.836685,Then again, I could just be me. I do want a child though & I refuse to have him or her with a woman I don't plan on being with through life.
2010-08-11 15:21:53,40.951076,-73.836685,I may expect to live life and love another but remember, expectation is personal gambling and I play to win.
2010-08-11 16:14:58,40.963417,-73.848028,@AIhakim ur like 43 already so it will not be that long
2010-08-11 16:21:09,40.963417,-73.848028,@AIhakim zackly
2010-08-11 16:36:00,40.963417,-73.848028,I often mistakenly hit my head and continue what I was doing. Do I have an equilibrium error?
2010-08-11 16:47:48,40.963417,-73.848028,Its times like these, that I wish DJ Khaled was the DJ at Pathmark. Not for talent just volume.
2010-08-11 16:54:53,40.963417,-73.848028,I have time to kill, so watch me shoot.
2010-08-11 17:19:32,40.963417,-73.848028,I'm hot like 3 other ppl in my sweater.  Superdude fools can't fuck with my Cheddar. #boredombars
2010-08-11 17:21:12,40.951076,-73.836685,I think I'm gonna go grilled cheese for dinner. #Fact in lactose intolerant
2010-08-11 17:42:29,40.951076,-73.836685,Would you, the people who listen to my music, accept a song from me entitled, "I Wanna F**k Your Girlfriend" set to a club beat?
2010-08-11 21:32:10,40.949974,-73.876259,@JensenReed I know I'm extra late with this but where can I buy your album?
2010-08-11 22:08:34,40.930439,-73.888336,Yeah I did that. I would pat myself on the back but I'm way to busy screaming TAT and giving myself me dap.
2010-08-11 22:12:19,40.930472,-73.888476,I don't follow well-known celebrities. I'm more interested in those who make them well-known.
2010-08-12 12:18:23,40.959808,-73.842416,Again why? (@ Pathmark) http://4sq.com/aXFH1U
2010-08-12 12:35:35,40.963417,-73.848028,@JensenReed I will definitely get that by days end
2010-08-12 15:33:43,40.927758,-73.856642,Brisco ft. Lil Wayne - Wall
2010-08-12 15:42:34,40.922151,-73.862030,The Game - Red Light/The Game
2010-08-12 18:56:58,40.929644,-73.900210,My mind.
2010-08-12 22:31:43,40.930487,-73.888408,What's your heritage? Because you look homosexual.
2010-08-13 07:25:39,40.953837,-73.857962,#NP @JensenReed ft. Silla of Binary Star - Belladonna
2010-08-13 14:16:26,40.963417,-73.848028,Expendables tonight. Who's down that doesn't normally go?
2010-08-13 14:17:03,40.963417,-73.848028,@rtwizz do just that fam
2010-08-13 18:21:40,40.920651,-73.851608,@JonWattsMusic told ya lol
2010-08-14 16:51:15,40.930604,-73.888431,Black Dynamite
2010-08-14 22:05:42,40.930670,-73.888295,@AIhakim what part of Rochester? That's my second city.
2010-08-14 22:09:10,40.930694,-73.888367,@AIhakim oh blue cross arena I'm guessin but then again Rochester is a large city.
2010-08-14 22:14:43,40.930702,-73.888434,@AIhakim understood its a cool city if u know the right ppl and right areas. Also u gotta have a car
2010-08-14 22:18:56,40.930679,-73.888426,@AIhakim let know if/when you do I have a lot of family up there
2010-08-14 22:23:56,40.930679,-73.888423,@AIhakim shit me too. I'm looking for some Degrassi ass.
2010-08-15 06:29:06,40.930615,-73.888356,Still looking for that higher paying job. Not trying to be greedy, just independent. In music and life.
2010-08-15 10:23:04,40.935502,-73.885604,Kanye West - Celebration
2010-08-15 10:37:13,40.928027,-73.883331,Barton Fink - Dicey Street Blues
2010-08-15 10:42:32,40.926413,-73.868833,Kanye West ft. Lil Wayne - Barry Bonds
2010-08-15 10:59:54,40.919737,-73.865349,Close (@ Empire City Yonkers Raceway w/ 2 others) http://4sq.com/cN183g
2010-08-15 11:00:24,40.922052,-73.862241,Closer (@ Salud) http://4sq.com/caCRoK
2010-08-15 11:06:52,40.921390,-73.862181,Dunkryders - Fuck The Other Side
2010-08-15 11:23:01,40.952952,-73.842976,The Commission - Whatchu Want
2010-08-15 13:59:07,40.963417,-73.848028,You're a constant contradiction
2010-08-15 18:14:53,40.974469,-73.833456,For now (@ Charlie Brown's Steakhouse) http://4sq.com/c8ybwR
2010-08-15 22:28:33,40.930611,-73.888470,Scott Pilgrim wins.
2010-08-15 22:35:12,40.928380,-73.888320,I just ousted Jerry V. as the mayor of Sullivan Park on @foursquare! http://4sq.com/bxU2Ko
2010-08-15 22:35:13,40.928380,-73.888320,Around (@ Sullivan Park) http://4sq.com/bxU2Ko
2010-08-16 10:39:05,40.932852,-73.887735,On this. No shit.
2010-08-16 10:43:54,40.932800,-73.887716,If I were late to work everyday this month and remain employed then I will lose all confidence in the unemployment numbersout right now.
2010-08-16 10:50:10,40.933078,-73.887378,You've got to go hard.
2010-08-16 12:39:00,40.963417,-73.848028,Dead at money today. Should I make a new friend?
2010-08-16 12:45:48,40.963417,-73.848028,Hit my wisdom tooth, I *spit noise* spit it out - 50 Cent
2010-08-16 12:50:29,40.963417,-73.848028,I have a weakness for women in heels. That's how some 6s slip into my life. Damn me.
2010-08-16 13:21:19,40.963417,-73.848028,I said shut up, pay me and now its silent.
2010-08-16 16:59:14,40.963417,-73.848028,3 more hours with 30 minutes worth of break time = I'm done work. #shutuppayme
2010-08-16 16:59:31,40.963417,-73.848028,History Class!
2010-08-16 17:01:41,40.963417,-73.848028,I can't believe I Get paid for this. Oh wait I can. I don't get paid that much. Where the money at?
2010-08-16 17:48:44,40.963417,-73.848028,T.A.T. ft. Verse The Limitz - A New Day
2010-08-16 18:24:50,40.963417,-73.848028,Feeling extra special now, looking for the short bus.
2010-08-16 20:20:42,40.953730,-73.847185,Eminem - Space Bound
2010-08-16 20:24:18,40.953733,-73.857638,Obie Trice - Rap Name
2010-08-16 20:25:15,40.954652,-73.858726,@dechanirai same here. I binged on it for about a month
2010-08-16 20:32:38,40.951145,-73.876232,God Forbid - Judge The Blood
2010-08-16 20:36:40,40.939292,-73.884035,Eminem - Lose Yourself
2010-08-17 13:11:24,40.928380,-73.888320,Been here (@ Sullivan Park) http://4sq.com/bxU2Ko
2010-08-17 14:07:44,40.932732,-73.887625,I might see you in my nightmares.
2010-08-17 14:21:41,40.932483,-73.887803,Lebron James owes Cleveland nothing. He's still an attention whore. Now. Football season. Preseason = meaningless. TEN & NYG talk to me.
2010-08-17 14:27:35,40.939485,-73.890937,Omw (@ Public Storage) http://4sq.com/c247wp
2010-08-17 14:28:10,40.939939,-73.883547,Thrice - The Artist In The Ambulance
2010-08-17 14:33:39,40.949168,-73.876387,Rich Boy ft. David Banner & Attitude - Role Models
2010-08-17 14:41:01,40.952456,-73.854498,I'm a nerd. All of my friends are nerds. But I have friends.
2010-08-17 17:41:41,40.963417,-73.848028,Another dead day at the money. Not complaining
2010-08-17 17:44:19,40.959808,-73.842416,Yeah OD dead today. Come get some free stuff. Go! (@ Pathmark) http://4sq.com/aXFH1U
2010-08-17 18:54:44,40.963417,-73.848028,F that. U this. C you. K.O'd
2010-08-17 19:40:29,40.963417,-73.848028,This paying bills ish is about to be #dead if I don't Get a better paying job. #realtalk
2010-08-17 20:57:59,40.963417,-73.848028,This better not turn into some Waiting type bullshit. Fuck time we closed
2010-08-17 21:23:36,40.953808,-73.844104,T.I. - Ready For Whatever / Just give the opportunity.
2010-08-18 09:02:51,40.930807,-73.888279,Forgot today was another day. Damn I didn't even Get to enjoy the other day. F it. Less effort.
2010-08-18 10:52:12,40.953316,-73.843250,Soon (@ Dunkin' Donuts) http://4sq.com/cEpx4H
2010-08-18 11:16:28,40.959808,-73.842416,Work (@ Pathmark) http://4sq.com/aXFH1U
2010-08-18 12:09:38,40.963417,-73.848028,I get paid to charge my phone.
2010-08-18 12:36:51,40.963417,-73.848028,Its a good thing that I don't work where I live. Less chance of me running into someone I know.
2010-08-18 12:45:25,40.963417,-73.848028,I love women with shorter hair. That look gets to me somehow.
2010-08-18 12:52:53,40.963417,-73.848028,Come through to The Path. there's a party. Eventually
2010-08-18 13:01:01,40.963417,-73.848028,Indecision and being unprepared are two of my irks. Don't do that around me.
2010-08-18 13:28:40,40.963417,-73.848028,No Hov, top down in the winter, you get winter's flu.
2010-08-18 13:47:28,40.963417,-73.848028,@Hurricanehaive congratulations cuzzo. Now. Can't I hold $20? Lol
2010-08-18 14:32:51,40.959461,-73.843626,@AIhakim congratulations. So when are you gonna start stealing? Jk but seriously?
2010-08-18 14:39:57,40.959555,-73.843787,Damn. Ppl moving up right now. Time for me to Get my George Jefferson on 2.
2010-08-18 15:09:15,40.963417,-73.848028,I'm cool as snow. Just thought I'd inform ya.
2010-08-18 17:18:31,40.963417,-73.848028,I had a full phone comversation in my dept and no one said anything. Speakerphone too
2010-08-18 17:22:26,40.963417,-73.848028,2 dots over u. Not trying to be uber either. #deadmoney
2010-08-18 17:27:15,40.963417,-73.848028,@Boogimusmaximus do you have contracts on them?
2010-08-18 17:59:26,40.963417,-73.848028,@Boogimusmaximus understood. Some ppl try to get over on the wrong ones. They don't find out until they beat too hard to comprehend
2010-08-18 18:00:06,40.963417,-73.848028,So...
2010-08-18 18:08:58,40.963417,-73.848028,2 hours. Bring it
2010-08-18 18:10:30,40.963417,-73.848028,I get paid tomorrow and alrway down $200. Fack. A is intentional
2010-08-18 18:32:09,40.963417,-73.848028,@JensenReed congratulations homie. Your album is fire too. Big things
2010-08-18 18:45:29,40.963417,-73.848028,Can't nobody breaka my stride. Can't nobody holda me down. Oh no. I've got to keep on movin
2010-08-18 18:51:23,40.963417,-73.848028,Phone charging again. 1 hour left.
2010-08-18 20:22:34,40.952421,-73.851920,I'm at ShopRite (Tuckahoe Rd, Yonkers). http://4sq.com/cPvw2j
2010-08-18 20:24:29,40.955029,-73.859428,Robert Kelly - I Wish
2010-08-18 20:29:33,40.955112,-73.859611,Cmon and braid my hair...
2010-08-18 20:31:24,40.946041,-73.853976,Blakroc ft. NOE - Hard Times
2010-08-18 20:33:38,40.955217,-73.863385,Don't ask. (@ Royal Regency Hotel) http://4sq.com/9UM2tv
2010-08-18 20:35:17,40.955306,-73.861600,Futuristic hand gun...
2010-08-18 20:37:33,40.955163,-73.862736,W.O.W.: Don't be pretentious. Just don't. You may end up with the wrong kind of attention. Mine.
2010-08-18 20:44:24,40.948895,-73.876583,I wish (@ dom and vinnies) http://4sq.com/a6U9fc
2010-08-18 21:02:02,40.930491,-73.888429,Eh. Close (@ School 23) http://4sq.com/aUq5gC
2010-08-18 21:02:17,40.928380,-73.888320,Pivotal (@ Sullivan Park) http://4sq.com/bxU2Ko
2010-08-18 21:59:31,40.930782,-73.888523,@AIhakim Foursquare works bet when you actually go places. I'm always local but I'm trying to change that
2010-08-18 22:00:16,40.930491,-73.888429,Get (@ School 23) http://4sq.com/aUq5gC
2010-08-18 22:06:30,40.941254,-73.898326,@AIhakim check in a certain place more times in a month than someone else. Or just start your own.
2010-08-19 08:17:25,40.956084,-73.870020,This 9 to 3 is about to be slaughtered. Then laundry? We'll find out.
2010-08-19 08:20:15,40.946041,-73.853976,Good morning, social network. I now understand that I'm way 2 busy throughout the week 2 maintain a tangible social network. This suffices.
2010-08-19 08:56:12,40.963417,-73.848028,LMFAO - Get On Down
2010-08-19 13:08:10,40.963417,-73.848028,Raggy?
2010-08-19 15:40:25,40.952968,-73.842621,I just wanna chill and twist the la, catch stunts in my 745.
2010-08-19 15:42:12,40.952992,-73.842425,Ill treat you the way you wanna be treated, just teach me.
2010-08-19 15:43:05,40.953064,-73.842576,Could You love me in a Bentley? Could you love me on a bus? Ill ask 21 questions and they're all about us.
2010-08-19 15:43:32,40.953800,-73.846689,Red Hot Chilli Peppers - Can't Stop
2010-08-19 15:44:19,40.953676,-73.847136,@AIhakim adult too. I'm still flipping into pools
2010-08-19 15:53:45,40.954745,-73.872755,@AIhakim #BMF I think I'm Wesley Snipes, Don Chedle/ Crispy skin, Crunchy Cheetos/
2010-08-19 15:55:17,40.948403,-73.875927,Jay-Z/Linkin Park - Numb/Encore
2010-08-19 15:59:13,40.938640,-73.883924,Kanye Best - Heartless / Best is intentional.
2010-08-19 16:19:46,40.930634,-73.888295,A.Its a period piece. B.Which period? A. Grace Period. B. I don't get it Its red. A. Grace Period. She's right there and she looks angry.
2010-08-19 16:29:31,40.930413,-73.888260,Lil Wayne - Da Da Da / Cool & Dre are Police Music experts.
2010-08-19 16:40:28,40.930594,-73.888490,@AIhakim yes
2010-08-19 16:46:10,40.930641,-73.888352,Eminem - Not Afraid
2010-08-19 16:46:59,40.928380,-73.888320,For now (@ Sullivan Park) http://4sq.com/bxU2Ko
2010-08-19 17:00:39,40.930620,-73.888636,@AIhakim gonna bring the shiny suit bad boy days back? Lol u got any overalls?
2010-08-19 17:06:05,40.930625,-73.888417,@AIhakim swag surfing? U feeling wavy?
2010-08-19 23:15:58,40.930491,-73.888429,I just ousted Muad K. as the mayor of School 23 on @foursquare! http://4sq.com/aUq5gC
2010-08-19 23:15:59,40.930491,-73.888429,Again (@ School 23) http://4sq.com/aUq5gC
2010-08-20 08:31:05,40.935555,-73.888622,Fun is the F.U. N-word. And with that, good morning. Lets have some fun.
2010-08-20 08:36:10,40.935407,-73.886616,Obie Trice & Cashis - We Ride For Shady
2010-08-20 08:38:44,40.931439,-73.872110,@AIhakim not yet. Its on YouTube yet?
2010-08-20 09:06:08,40.959127,-73.841802,@AIhakim inspiration all I can say right now
2010-08-20 09:06:57,40.959615,-73.841458,@AIhakim I'll elaborate when I wake up from This inspirational coma
2010-08-20 11:26:12,40.963417,-73.848028,Give me 3.5 and ill give you a done work week
2010-08-20 12:12:17,40.963417,-73.848028,I cut faster than you decide #fact
2010-08-20 12:12:39,40.963417,-73.848028,@AIhakim wat happened
2010-08-20 12:26:57,40.963417,-73.848028,@AIhakim make the gap a hole in the earth
2010-08-20 16:15:04,40.952771,-73.850302,@Miss_PrisPris spittin knowledge today huh?
2010-08-20 16:17:19,40.952822,-73.850556,@AIhakim Power Remix = My Newest anthem. Been on repeat since we last talked. Who do I have to kill to to get the instrumentals?
2010-08-20 16:22:40,40.954577,-73.864327,I may not be the quarterback but I'm taking the ball and running it.
2010-08-20 16:23:30,40.955924,-73.869431,I'm a pacifist but try me and your ass is kicked.
2010-08-20 16:26:41,40.948895,-73.876583,I'm at dom and vinnies. http://4sq.com/a6U9fc
2010-08-20 17:20:00,40.933811,-73.897991,Omw (@ Ghetto Square) http://4sq.com/cveJnP
2010-08-20 17:24:18,40.933673,-73.899935,There were definitely some look worthy females in the Square just now. What happened?
2010-08-20 18:54:26,40.719742,-74.002438,Yeah wacka flockas (@ Canal street shopping) http://4sq.com/blAn5Z
2010-08-20 19:08:30,40.742625,-74.000507,Not my idea (@ Pink Berry) http://4sq.com/aIS5rN
2010-08-20 19:10:31,40.722300,-73.996600,I'm at Gatsby's (53 Spring St, at Lafayette St, New York). http://4sq.com/6FYU9o
2010-08-20 19:16:46,40.720245,-73.992786,Pinkberry. SoHo
2010-08-20 19:36:26,40.718007,-73.997530,I'm at Rudy's Pizza & Restaurant (Hester St, Mulberry St, New York). http://4sq.com/aijztd
2010-08-20 20:27:29,40.738675,-73.991668,Omw (@ H&M) http://4sq.com/7P1sOd
2010-08-20 20:28:47,40.739041,-73.991350,Where you at? I'm on 5th bitch
2010-08-20 20:29:24,40.740315,-73.990962,@AIhakim through the site foursquare.com
2010-08-20 20:46:03,40.750951,-73.987346,On the go (@ Sovereign Bank) http://4sq.com/bJvuhb
2010-08-20 22:30:03,40.891301,-73.897567,I'm at Dunkin' Donuts (Broadway, Manhattan College Pkwy, Bronx). http://4sq.com/c08xDE
2010-08-20 22:33:27,40.902645,-73.898872,@Miss_PrisPris hey what r u doin 2morrow?
2010-08-20 22:41:39,40.929113,-73.895461,@Miss_PrisPris wanna hit up central park for Kenny's birthday
2010-08-20 22:46:38,40.942225,-73.884263,@Miss_PrisPris oh and the museum of natural History
2010-08-20 22:48:52,40.953567,-73.877644,@Miss_PrisPris What time u available we trying to head out before the museum closes @ 5:45
2010-08-20 23:52:05,40.975582,-73.833473,@Miss_PrisPris what's ya favorite U.A. memory
2010-08-20 23:55:15,40.975616,-73.833483,@AIhakim really? Even I don't remembervthat?
2010-08-20 23:56:53,40.975600,-73.833433,@AIhakim me & high school = trouble often
2010-08-21 00:00:26,40.975596,-73.833434,I remember Counterstrike and Tribes
2010-08-21 00:06:24,40.975597,-73.833438,@AIhakim nah. He's just a blip. I actually took his side in that situation #nolie #badidea #aholetweet
2010-08-21 00:11:04,40.975600,-73.833462,@AIhakim u live and learn
2010-08-21 00:11:19,40.975602,-73.833463,@AIhakim or die and burn
2010-08-21 00:39:28,40.963417,-73.848028,Kanye West - Stronger
2010-08-21 00:44:27,40.952421,-73.851920,I'm at ShopRite (Tuckahoe Rd, Yonkers). http://4sq.com/cPvw2j
2010-08-21 01:05:11,40.919940,-73.896237,I'm at No. 2 Bus Stop (South Broadway, Yonkers). http://4sq.com/b2uBSC
2010-08-21 01:09:34,40.924733,-73.889814,Eminem - Lose Yourself
2010-08-21 01:25:33,40.928380,-73.888320,I'm at Sullivan Park (Yonkers). http://4sq.com/bxU2Ko
2010-08-21 01:25:48,40.930491,-73.888429,I'm at School 23 (53 Van Cortlandt Pk Ave, Yonkers). http://4sq.com/aUq5gC
2010-08-21 11:06:33,40.930665,-73.888381,Dorm Daze until this this museum trip. F.U. N-word
2010-08-21 11:21:08,40.930454,-73.888383,Where is Bucky and what has he had? - Rudy Ray Moore #blacksploitationtweet
2010-08-21 12:09:08,40.930523,-73.888295,@AIhakim yo sir
2010-08-21 12:11:35,40.930521,-73.888304,@AIhakim will you be near the upper westside at all today sir?
2010-08-21 12:16:00,40.930491,-73.888429,For now (@ School 23) http://4sq.com/aUq5gC
2010-08-21 12:18:24,40.930525,-73.888340,@AIhakim damn Aite. Well if ur in the area a few friends of mine are hitting up the Museum and Central Park. Ur welcomed to join us.
2010-08-21 12:41:29,40.941254,-73.898326,@Miss_PrisPris yeah :-p
2010-08-21 13:02:34,40.934015,-73.898349,@AIhakim after 2 pm
2010-08-21 16:10:24,40.779632,-73.967514,I'm at Central Park (59th St to 110th St, 8th Ave to 5th Ave, New York) w/ 97 others. http://4sq.com/2UsPUp
2010-08-21 17:08:03,40.779530,-73.973994,I'm at The New-York Historical Society Museum (2 W 77th Street, Central Park West, New York). http://4sq.com/8nO5jv
2010-08-21 18:26:24,40.767895,-73.982336,Finally (@ Jamba Juice - Whole Foods Columbus Circle) http://4sq.com/93qwFC
2010-08-21 18:27:25,40.769910,-73.981966,@Miss_PrisPris we finally made it. :-p---()   its good too
2010-08-21 19:04:01,40.766219,-73.983807,Successful day and 24 hours aren't up yet.
2010-08-21 19:28:56,40.766219,-73.983807,@Ya_Boi_Chico which one
2010-08-21 20:20:46,40.802162,-73.960529,@Miss_PrisPris howdy.
2010-08-21 20:23:44,40.803583,-73.955796,@Miss_PrisPris someone on this bus smells like old cabbage and wonder bread
2010-08-21 20:24:51,40.804420,-73.955368,I'm at MTA Subway - 116th St (B/C) (116th St & 8th Ave, at Frederick Douglass Blvd, New York). http://4sq.com/7agIYA
2010-08-21 20:26:56,40.808657,-73.952335,@Miss_PrisPris she's stopped but I bet she's texting complaints 2 ppl lol
2010-08-21 20:30:06,40.818193,-73.945100,History Class!
2010-08-21 22:14:45,40.930589,-73.888382,@AIhakim police music = knocking dumb loud
2010-08-21 22:35:30,40.930491,-73.888429,Back at it like a crack addict - via The BAT (@ School 23) http://4sq.com/aUq5gC
2010-08-22 00:29:01,40.930536,-73.888466,No idea wat time I have 2b n 2morrow but I'm not sweating it
2010-08-22 07:15:54,40.941254,-73.898326,10 to 4 then idk. Tired as a tractor trailer but it was worth it. U.A. All Day!!!! History Class!
2010-08-22 09:14:22,40.922052,-73.862241,I'm at Salud. http://4sq.com/caCRoK
2010-08-22 09:18:18,40.921621,-73.862286,I used 2 search 4 the humble me but I kept lookn down 2 keep from fumbling. Now I look up even when its thundering. Let the truth come 2 me
2010-08-22 09:30:43,40.928563,-73.856375,Ive done a lot but I haven't done enough/ I'm not on top yet but still coming up/ so until I can make the opposite true/ I'm running up/
2010-08-22 10:00:58,40.959808,-73.842416,I'm at Pathmark (1757 Central Park Ave, Yonkers). http://4sq.com/aXFH1U
2010-08-22 11:51:12,40.963417,-73.848028,4 hours left. Who wanna chill session?
2010-08-22 12:33:23,40.963417,-73.848028,Who else is with this weather? I'm feeling like every Drake facial expression, down.
2010-08-22 12:34:02,40.963417,-73.848028,@Miss_PrisPris what do u want to see?
2010-08-22 12:34:40,40.963417,-73.848028,@AIhakim we need to hit up a Booth fam
2010-08-22 12:38:13,40.963417,-73.848028,@AIhakim damn I have No mornings iff
2010-08-22 12:38:31,40.963417,-73.848028,@AIhakim off*
2010-08-22 12:57:21,40.963417,-73.848028,@AIhakim Aite that sounds like a plan
2010-08-22 13:07:16,40.951076,-73.836685,@AIhakim no digity
2010-08-22 13:10:15,40.951076,-73.836685,I think I'm sweating more than I actually sweat. My sensitive skin laughing at me. #randumb
2010-08-22 16:45:13,40.947755,-73.849223,Today is a day to do What I've been putting off. Nah ill wait til 2morrow
2010-08-22 16:51:12,40.925574,-73.857541,@Miss_PrisPris you see what happened was, I can't swim so I thought neither could my sperm.
2010-08-22 16:56:35,40.923853,-73.855321,Power Remix on repeat. I know its not the greatest song ever but its mine right now
2010-08-22 17:00:11,40.924071,-73.857900,Finally feeling this weekend. Fatigued as fudduck but I have time to sleep.
2010-08-22 17:18:53,40.921725,-73.863099,Have You ever gotten your ass kicked by someone who could fix your computer? You can prevent it if u stfu. Oh boy.
2010-08-22 17:36:44,40.921397,-73.862411,The world's ours. A little bit of there's but mostly ours.
2010-08-22 17:43:11,40.930086,-73.867691,I wish I was creepy. It looks fun. Imagine u get on a bus & I'm staring right at as your getting on, rubn the seat next 2me w my tougue out
2010-08-22 18:16:07,40.930616,-73.888447,I've seen two dead animals today. I want 2 bc a vegan but I need guidance. Anyone know anyone who is vegan and willing to show me the ropes?
2010-08-22 18:48:14,40.928027,-73.883331,@AIhakim damn too bad ya tweets r protected. There ate some I just have to retweet but can't
2010-08-22 18:48:54,40.930588,-73.888443,@AIhakim scratch that, sweepstakes
2010-08-22 18:49:59,40.930491,-73.888435,Puff, puff, pass Chu Choo
2010-08-22 18:52:57,40.930516,-73.888452,Aye Mami! Can I tap that? Really? Uh? Okay. What song do you want to hear? Have u had any grapefruit juice lately? *Plays theme from Arthur*
2010-08-22 18:54:47,40.930521,-73.888454,You may not want to hear this, but all your favorite singers may throw limp-wristed.
2010-08-22 18:58:54,40.930533,-73.888444,Currently Watching: Dorm Daze 2: College @ Sea. Dont u dare try 2 judge me. Ur either friends w me on a social networkn site or follown me.
2010-08-22 21:57:16,40.930665,-73.888423,@ProspectProphit I ordered it Thursday. It shoud here by This Thursday
2010-08-22 22:18:20,40.930847,-73.888574,You ever get some "Guatemalan face hat"?
2010-08-22 22:19:31,40.930703,-73.888528,Gable Carr keeps me going. #DormDaze
2010-08-22 22:23:46,40.930651,-73.888506,Oh I just realized I fell asleep. I don't even care. It was worth a couple hours 2 escape 2 the safest place on Earth. The self-conscious.
2010-08-22 22:25:52,40.941254,-73.898326,@AIhakim I recite what I said in my mind and then join the laughter late.
2010-08-22 22:28:03,40.930667,-73.888506,@AIhakim true but I don't make enough money to be considered to be dream hacked.
2010-08-22 22:29:00,40.930651,-73.888472,@AIhakim never said I was sane. Why would I lie? Lol btw I thought you ended his twitter career
2010-08-22 22:33:31,40.930636,-73.888475,I vow to never get drunk. I've learned from my parents mistakes and will not allow myself to be under the control of someone/something else
2010-08-22 22:40:33,40.930571,-73.888406,For every adult moment I express, I realize what my situation is and wonder What it would b like if I actually startd working when I wanted.
2010-08-22 22:44:26,40.930589,-73.888420,You do it cause its trendy/ I do it because its meant to be/ I win because I'm stronger physically, mentally/
2010-08-23 00:03:57,40.930598,-73.888502,I'm gonna hit the Laundromat early tomorrow. Then work from 11-5ish.
2010-08-23 00:14:38,40.930491,-73.888429,Been here for a while actually (@ School 23) http://4sq.com/aUq5gC
2010-08-23 01:48:10,40.941254,-73.898326,Know me & stand that I dont allow a lot of ppl 2c me @ my best.  I refuse to spend time on myself to plz those who wouldnt appreciate it.
2010-08-23 01:48:30,40.941254,-73.898326,@JonWattsMusic the gansta life
2010-08-23 01:50:48,40.930571,-73.888469,#noshots on that last tweet. Just a truth. I know who my friends and family is and only they know me.
2010-08-23 01:51:16,40.941254,-73.898326,@JonWattsMusic aren't we all lol
2010-08-23 02:03:46,40.930252,-73.888326,There r still ppl who I would like 2 chill w but we nvr hav the mutual time. Its crazy that I may hav 2 start scheduln chill sessions.
2010-08-23 07:06:07,40.941254,-73.898326,ACL tear.
2010-08-23 07:46:59,40.941254,-73.898326,Is This early enough to do laundry? I may make a habit of this. Never will I have to wait for a machine.
2010-08-23 07:50:31,40.933090,-73.889356,Spanish news or infomercials? Nah ill just listen to @rtwizz 's "Drink Like My Dad"
2010-08-23 08:00:15,40.933129,-73.889369,Looking to get rich, searching to fetch millions/ I'm numb to negativity, so how the hell could I catch feelings/
2010-08-23 08:58:23,40.932436,-73.888329,Feeling like a Marine right now and it has nothing to do with the weather.
2010-08-23 09:49:32,40.928380,-73.888320,Hmmm... (@ Sullivan Park) http://4sq.com/bxU2Ko
2010-08-23 10:12:55,40.932723,-73.887704,My neighborhood, like many are filled with ppl who've had unplanned pregnancies and thus their children suffer from the lack of preparation.
2010-08-23 10:15:33,40.932730,-73.887654,I know it may sound odd coming from me but I am the product of an unplanned pregnancy and was thrust into a relationship full of uncertainty
2010-08-23 10:29:07,40.954232,-73.873378,And with that, Good Morning.
2010-08-23 10:42:03,40.953471,-73.842749,You ever miss someone you just met? I'm just gonna leave it at that. Don't read too much into it.
2010-08-23 11:20:00,40.959808,-73.842416,I'm at Pathmark (1757 Central Park Ave, Yonkers). http://4sq.com/aXFH1U
2010-08-23 11:21:06,40.963417,-73.848028,Ppl don't change, situations do.
2010-08-23 11:23:17,40.963417,-73.848028,I'm OD hyper right now!
2010-08-23 12:28:08,40.963417,-73.848028,4.5 left
2010-08-23 12:28:47,40.963417,-73.848028,@AIhakim which?
2010-08-23 12:36:08,40.963417,-73.848028,Kinda bored.
2010-08-23 12:36:36,40.963417,-73.848028,Oh I forgot I'm at work too
2010-08-23 12:53:33,40.963417,-73.848028,@AIhakim had it. Overrated. Ask the blue tigers on my roof. They speak Spanish too
2010-08-23 12:56:59,40.963417,-73.848028,L.ive S.urvive D.ie
2010-08-23 13:20:39,40.951076,-73.836685,@AIhakim "captain underpants and the attack of the talking toilets"
2010-08-23 13:26:16,40.951076,-73.836685,I'm not sure if the term applies but I just "swindled" two more hours of work on This dead day. Is that correct @AIhakim ?
2010-08-23 13:29:14,40.951076,-73.836685,@AIhakim awesome. Lol
2010-08-23 14:03:35,40.951076,-73.836685,That womans glasses were so thick, she saw into my soul and tried to change the channel
2010-08-23 15:16:11,40.963417,-73.848028,4 hours left here.
2010-08-23 15:51:59,40.963417,-73.848028,Okay I know I'm losing hood points on this but someone please define "cuffing" to me. 2 lazy to look it up on dizionario di urban punto com
2010-08-23 16:00:21,40.963417,-73.848028,Bangz and 50 Tyson all day!!!
2010-08-23 16:07:07,40.963417,-73.848028,5:01 becomes my own time aka leave whenever I feel like it. Ill b in between slicing Swiss and just stop. Leave the machine on and leave
2010-08-23 16:43:58,40.963417,-73.848028,Didn't get a hit back so I'm staying here. #paidnap
2010-08-23 17:15:12,40.963417,-73.848028,So nice...
2010-08-23 17:16:41,40.963417,-73.848028,I'm back like ya ass crack / she addicted to my dick, I give that ass crack/
2010-08-23 17:17:08,40.963417,-73.848028,Vegan for a day is working.
2010-08-23 17:17:48,40.963417,-73.848028,I can't wait until November 1st. Does Nike make shoes with no leather?
2010-08-23 17:33:20,40.963417,-73.848028,I need y'all to keep me company and entertained. #doit
2010-08-23 17:44:56,40.963417,-73.848028,I have bars for days like a drunk tank.
2010-08-23 17:55:35,40.963417,-73.848028,You look like You got hit in the face with ugly. What You shave with today? Hideous? You left some on ya face. Ha!
2010-08-23 17:57:23,40.963417,-73.848028,Bored money equals money still
2010-08-23 18:55:40,40.963417,-73.848028,Ahw
2010-08-23 19:56:55,40.941254,-73.898326,I hate to see my friends hurt but sometimes you have to learn how being a friend works.
2010-08-23 20:30:11,40.930556,-73.888466,@daijonez21 I just finished off some goo potato bread too lol
2010-08-23 20:41:51,40.930491,-73.888429,I'm at School 23 (53 Van Cortlandt Pk Ave, Yonkers). http://4sq.com/aUq5gC
2010-08-24 09:59:21,40.941254,-73.898326,Does anyone have any suggestions on what my next Cologne purchase should be?
2010-08-24 10:15:06,40.932821,-73.887675,@AIhakim if u were on Meth you wouldnt be tired
2010-08-24 10:19:06,40.932865,-73.887589,@AIhakim lol did I just put myself on blast?
2010-08-24 10:20:25,40.933354,-73.887197,I'm at Bus 8 Stop (313-333 Walnut St, Elm Street, Yonkers). http://4sq.com/dncZ1V
2010-08-24 10:31:51,40.946041,-73.853976,@AIhakim most greats do.
2010-08-24 10:33:43,40.953939,-73.858028,No 1 man should have all that power. Only this man has Think About That's power. Its more strength than rank so can u still call that power?
2010-08-24 11:29:04,40.959808,-73.842416,I'm at Pathmark (1757 Central Park Ave, Yonkers). http://4sq.com/aXFH1U
2010-08-24 13:07:23,40.963417,-73.848028,@Hurricanehaive lol
2010-08-24 13:08:28,40.963417,-73.848028,Bored as fidduck
2010-08-24 14:26:04,40.963417,-73.848028,This bored money thing is getting old.
2010-08-24 14:29:13,40.963417,-73.848028,Someone come thru and end this madness
2010-08-24 16:57:54,40.963417,-73.848028,Eating Vegan 2nd attempt is going smooth like milk err.... organic peanut butter
2010-08-24 17:09:31,40.963417,-73.848028,3 hours plus 45 minutes worth of breaks equals #gmode
2010-08-24 18:18:26,40.951152,-73.836640,Hickory Smoked Almonds and Vitamin C = My Dinner
2010-08-24 19:18:16,40.963417,-73.848028,43 minutes left. 42 and counting
2010-08-24 19:21:14,40.963417,-73.848028,Down to the wire and I'm already above the third rail.
2010-08-24 19:46:01,40.963417,-73.848028,I'm gonna sleep on the ride home so I can OD on all of your timelines.
2010-08-24 20:16:14,40.958706,-73.842201,Eh close enough (@ Wendy's) http://4sq.com/bkYLrG
2010-08-24 20:27:06,40.937816,-73.856213,@AIhakim aww shucks
2010-08-24 20:28:31,40.929112,-73.857664,Almost (@ Burger King) http://4sq.com/aeBRaq
2010-08-24 20:44:48,40.920487,-73.861289,I think they're closed (@ Dunkin Donuts) http://4sq.com/cj653U
2010-08-24 20:45:33,40.919282,-73.860415,I thought they silenced us Ye
2010-08-24 20:48:22,40.919275,-73.860416,@kanyewest Where can I get the instrumentals for the power remix?
2010-08-24 20:54:21,40.919257,-73.860435,@AIhakim that's why I have a lack of faith in others. #sadbuttrue
2010-08-24 20:58:11,40.919255,-73.860436,@AIhakim help but not fully determine
2010-08-24 21:03:13,40.920793,-73.861745,Feel like I deserve to be under the influence of something.
2010-08-24 21:10:23,40.935104,-73.880928,I'm at Yonkers Avenue (Yonkers Avenue, Midland Avenue, Yonkers). http://4sq.com/daRKVN
2010-08-24 21:26:33,40.930594,-73.888405,If any of u kno any male R&B/Pop singers. Hit me up. I hav a certified hit I've written & co-produced. Unfortunately my voice doesn't match.
2010-08-24 21:32:11,40.930885,-73.888195,Who wants to be my "Front Row"?
2010-08-24 22:59:51,40.940954,-73.898334,Apparently I'm fn around on fb mobile while they're putting the new format up. Its funny to me
2010-08-25 07:28:51,40.932822,-73.887613,Some of The U.A. drink but never get drunk. Some of the U.A. smoke but aren't burn outs. We can hav fun without influences. I love my family
2010-08-25 07:47:20,40.955217,-73.863385,I'm at Royal Regency Hotel (165 Tuckahoe Rd, Yonkers). http://4sq.com/9UM2tv
2010-08-25 07:48:58,40.955089,-73.860070,To those who have fell off, fall back. To those still here, U.A. All Day!!!!
2010-08-25 07:49:19,40.952221,-73.852598,Tupac - Broken Wings
2010-08-25 08:09:23,40.959808,-73.842416,8-4:30 get @ me (@ Pathmark) http://4sq.com/aXFH1U
2010-08-25 08:09:48,40.963441,-73.848033,Linkin Park - Lying From You
2010-08-25 11:54:11,40.963441,-73.848033,5 more hours. 5 ppl in my department. I've done 5 things.
2010-08-25 13:52:55,40.951152,-73.836640,@Miss_PrisPris good luck
2010-08-25 17:00:19,40.958661,-73.841684,To Live and Die in N.Y.
2010-08-25 17:01:15,40.958659,-73.841716,@rtwizz ago my kids have a diss track on you already. Wait til they born its over lol
2010-08-25 17:12:35,40.945930,-73.854023,After that shift, I smell like 92% of y'all look. #takeithowuwantit
2010-08-25 17:15:40,40.942785,-73.851976,Day 2 of this vegan diet is kicking my arse. Its whatever though. I'm still alive.
2010-08-25 22:31:25,40.930546,-73.888346,The Lottery Ticket was a good movie and I've seen enough bad ones to correctly entertain that opinion. Transylmania is n the laptop. #heaven
2010-08-25 22:39:50,40.930597,-73.888526,Okay 1.75 days vegan. I tried and will try again until I get it right.
2010-08-25 23:01:38,40.930543,-73.888362,Grilled Cheese (American Cheese Flavored Veggie Slices) Hit the spot. It may sound like I'm preaching but religion isn't my strong point.
2010-08-26 04:27:36,40.940954,-73.898334,Dreamed I went through Yonkers in five minutes.
2010-08-26 04:57:06,40.930543,-73.888560,Full moon http://twitpic.com/2i9twg
2010-08-26 07:58:03,40.933354,-73.887197,I'm at Bus 8 Stop (313-333 Walnut St, Elm Street, Yonkers). http://4sq.com/dncZ1V
2010-08-26 08:02:10,40.932685,-73.887666,G-Unit dickies,G-Unit valours,G-Unit tanktops,G-Unit drawers,got product movin out G-Unit stores. I got an indoor pool w a G-Unit floor.
2010-08-26 08:17:53,40.953710,-73.857767,I'm at McDonald's (336 Tuckahoe Rd, Yonkers). http://4sq.com/9Dyza2
2010-08-26 08:18:41,40.953925,-73.858112,30 Seconds To Mars - Savior
2010-08-26 08:24:10,40.953316,-73.843250,I'm at Dunkin' Donuts (1591 Central Park Ave, Tuckahoe Road, Yonkers). http://4sq.com/cEpx4H
2010-08-26 09:03:46,40.959808,-73.842416,I'm at Pathmark (1757 Central Park Ave, Yonkers). http://4sq.com/aXFH1U
2010-08-26 11:46:44,40.963441,-73.848033,@AIhakim I'm making money right now. What's losing?
2010-08-26 12:20:43,40.963441,-73.848033,@AIhakim that's losing. I'm getting paid to have that right now. I'm on twitter #ontheclocktweet
2010-08-26 12:22:42,40.963441,-73.848033,2.5 left cruising
2010-08-26 13:13:23,40.963441,-73.848033,Aww shucks. Its looking like gmode right now. History ClassÃ
2010-08-26 13:35:30,40.963441,-73.848033,Outkast - Ghetto Musick
2010-08-26 14:30:58,40.963441,-73.848033,Videoshoot tonight. Should be fun. Already know its gonna be U.A.
2010-08-26 14:42:48,40.963441,-73.848033,@Ya_Boi_Chico friend of mines song
2010-08-26 14:56:58,40.963441,-73.848033,@Ya_Boi_Chico thank You. Me too
2010-08-26 15:32:56,40.958082,-73.841888,50 Cent - Life On The Line
2010-08-26 15:39:50,40.953024,-73.842405,Pittbull ft. Jarvis - Rep My City
2010-08-26 15:40:47,40.953316,-73.843250,I'm at Dunkin' Donuts (1591 Central Park Ave, Tuckahoe Road, Yonkers). http://4sq.com/cEpx4H
2010-08-26 15:45:57,40.952740,-73.854978,The heart wants what the heart wants but a mind is a terrible thing to waste.
2010-08-26 15:46:44,40.955217,-73.863385,On the move (@ Royal Regency Hotel) http://4sq.com/9UM2tv
2010-08-26 16:26:05,40.928380,-73.888320,I'm at Sullivan Park (Yonkers). http://4sq.com/bxU2Ko
2010-08-26 18:55:05,40.940954,-73.898334,@AIhakim What part?
2010-08-26 18:59:02,40.940954,-73.898334,@AIhakim new York stock exchange also referred to as NYSE= nice. Way to reach for a Fabolous adlib huh? Lol
2010-08-26 19:01:11,40.940954,-73.898334,@AIhakim just so they can say they buy they Polo's in SoHo
2010-08-26 19:51:15,40.911405,-73.897028,I'm at Serenity Lounge (6697 Broadway, 262nd St, Bronx). http://4sq.com/bpjhoT
2010-08-26 23:31:04,40.905819,-73.896492,I'm at 6495 Broadway (6495 Broadway, 259th, Bronx). http://4sq.com/brGpGn
2010-08-27 02:05:08,40.916989,-73.896798,I'm at McDonald's (473 S Broadway, Yonkers). http://4sq.com/biQuqb
2010-08-27 02:08:52,40.917667,-73.897011,Chillin on Club South Broadway with my fam Jomar and Kenny
2010-08-27 02:40:36,40.930491,-73.888429,Ehh close enough (@ School 23) http://4sq.com/aUq5gC
2010-08-27 02:42:20,40.930604,-73.888459,After a night like tonight, all I can say is U.A. All Day!!! History Class!
2010-08-27 08:08:11,40.930536,-73.888426,Not surprisingly, I'm hit more by the lack of sleep than alcohol consumption. #alcoholicparenttweet #teamhightolerance
2010-08-27 15:47:25,40.959860,-73.841245,Think be thinking much about This 1-800 Hustlaz track. Hit me up if you wanna hear the heat @JonWattsMusic through at me.
2010-08-27 15:51:44,40.964825,-73.838387,@Miss_PrisPris do it
2010-08-27 15:53:00,40.967635,-73.837345,I'm at HSBC (Central Park Ave, Yonkers). http://4sq.com/d6osJu
2010-08-27 16:08:25,40.975028,-73.832542,I'm at Dunkin Donuts/Baskin Robbins (2248 Central ave, Yonkers). http://4sq.com/b9Ya7r
2010-08-27 17:33:26,40.973856,-73.832499,Y'all ready for another E4 track?
2010-08-27 17:39:01,40.973876,-73.832504,L.E.D., The BAT, Stevie P, T.A.T. - Aww Man
2010-08-27 22:56:40,40.973688,-73.832523,I need another reason to cop a Coco Loso and/or The Incredible Hulk. I'll even take Henny Black. Where y'all at?
2010-08-27 22:58:46,40.973687,-73.832510,@Miss_PrisPris some guys only want to smash. Some want to chill and others just want names is their pocket. #truth
2010-08-27 23:19:23,40.973766,-73.832352,I'm OD excited about the next E4 track. We're back! History Class!
2010-08-27 23:36:42,40.972205,-73.830768,Feeling inspired right now. I love my women. I have love for my brothers. I, Think. It's time for me to come out of this dry spell.
2010-08-27 23:42:55,40.945654,-73.850140,@AIhakim what monster track?
2010-08-27 23:47:54,40.944477,-73.875513,@AIhakim t.hinka.bout.hat@gmail.com
2010-08-27 23:54:18,40.932631,-73.887336,I've been working on me for so long now. Maybe I should take a vacation with someone else. Hmmm...
2010-08-27 23:59:31,40.930587,-73.888349,@AIhakim lucky you. I envy
2010-08-28 00:17:51,40.930491,-73.888429,I'm at School 23 (53 Van Cortlandt Pk Ave, Yonkers). http://4sq.com/aUq5gC
2010-08-28 00:19:41,40.930613,-73.888417,@AIhakim still hasn't arrived yet
2010-08-28 00:27:35,40.930731,-73.888414,@AIhakim understood
2010-08-28 10:13:31,40.940954,-73.898334,Fat-igued. Fack
2010-08-28 10:17:12,40.930636,-73.888469,@AIhakim r u following him?
2010-08-28 10:19:24,40.930609,-73.888447,@rtwizz follow @AIhakim
2010-08-28 10:51:13,40.940954,-73.898334,@AIhakim yo could u re- that track?send
2010-08-28 10:51:47,40.930462,-73.888345,@AIhakim re-send*
2010-08-28 11:44:21,40.930555,-73.888447,I want to Get into a fight. Anyone have any friends who are reckless At the mouth
2010-08-28 21:09:41,40.930608,-73.888413,Caught up on sleep all day. Responsible or lazy? Btw that's a rhetorical question. I don't care about opinions right now. SuckxIt
2010-08-28 22:29:13,40.940954,-73.898334,Damn. So many females I know are Robins. Sidekicks. I need to start talking to Superheroes. Where are y'all at?
2010-08-29 09:00:43,40.930589,-73.888454,Another work and I refuse to work week. I'm about to OD on caffeine.
2010-08-29 10:28:26,40.959808,-73.842416,I'm at Pathmark (1757 Central Park Ave, Yonkers). http://4sq.com/aXFH1U
2010-08-29 11:00:38,40.963441,-73.848033,Shi(f)t
2010-08-29 15:10:36,40.963441,-73.848033,@Hurricanehaive Droid
2010-08-29 16:12:09,40.963441,-73.848033,48 minutes then back to life, back to reality
2010-08-29 17:28:22,40.963441,-73.848033,1800 Hustlaz is looking promising. 5 of six have confirmed.
2010-08-29 17:52:24,40.958706,-73.842201,Out and about my money (@ Wendy's) http://4sq.com/bkYLrG
2010-08-29 18:01:40,40.925155,-73.853216,I'm at Super Stop & Shop (111 Vredenburgh Ave, at Xavier, Yonkers). http://4sq.com/7KUaJk
2010-08-29 18:16:42,40.923004,-73.851296,I'm at 61 Florence st (Florence st, Rigby, Yonkers). http://4sq.com/b66gjd
2010-08-29 18:36:59,40.924137,-73.858645,I'm at Dunkin Donuts (680 Central Park Avenue, Yonkers). http://4sq.com/aXwICK
2010-08-29 19:07:57,40.924414,-73.858268,@AIhakim Henny Black & Hypnotiq
2010-08-29 20:41:57,40.976105,-73.832164,Ehh (@ Nathan's Famous) http://4sq.com/6kJJqp
2010-08-29 21:13:53,40.935312,-73.862129,I'm at Great Wall Restaurant (837E Midland Ave, Yonkers). http://4sq.com/bEtlsC
2010-08-29 21:25:34,40.928380,-73.888320,I'm at Sullivan Park (Yonkers). http://4sq.com/bxU2Ko
2010-08-30 14:04:29,40.933354,-73.887197,Omw2work (@ Bus 8 Stop) http://4sq.com/dncZ1V
2010-08-30 14:16:22,40.932574,-73.887597,The E4 is back!!! Brilliant Music & History Class! Collaboration
2010-08-30 15:02:17,40.959808,-73.842416,Again (@ Pathmark) http://4sq.com/aXFH1U
2010-08-30 15:49:23,40.963441,-73.848033,Feeling like FTP?
2010-08-30 16:01:50,40.963441,-73.848033,Hour k.OD!
2010-08-30 16:47:35,40.963441,-73.848033,Another mother f.er of er Monday
2010-08-30 16:53:23,40.963441,-73.848033,R. Kelly - I Wish
2010-08-30 16:55:40,40.963441,-73.848033,About to go into hermit mode. My presence is a present. I was saying that before Kanye
2010-08-30 17:12:15,40.963441,-73.848033,Touch to try again I'm not perverted.
2010-08-30 17:13:14,40.963441,-73.848033,I met a mentally handicapped Hindu today. She was oh so nice.
2010-08-30 19:42:24,40.963441,-73.848033,I want a koala. Are they illegal in the U.A.?
2010-08-30 19:42:49,40.963441,-73.848033,U.S.
2010-08-30 22:51:12,40.930491,-73.888429,I'm at School 23 (53 Van Cortlandt Pk Ave, Yonkers). http://4sq.com/aUq5gC
2010-08-31 10:15:45,40.928380,-73.888320,I'm at Sullivan Park (Yonkers). http://4sq.com/bxU2Ko
2010-08-31 11:47:14,40.933354,-73.887197,I'm at Bus 8 Stop (313-333 Walnut St, Elm Street, Yonkers). http://4sq.com/dncZ1V
2010-08-31 12:02:59,40.955217,-73.863385,Omw (@ Royal Regency Hotel) http://4sq.com/9UM2tv
2010-08-31 13:19:19,40.959808,-73.842416,Shut up (@ Pathmark) http://4sq.com/aXFH1U
2010-09-01 07:03:40,40.933354,-73.887197,And it begins. (@ Bus 8 Stop) http://4sq.com/dncZ1V
2010-09-01 07:16:21,40.945849,-73.882296,I'm at Dunkin donuts (590 nepperhan ave, Lake ave, Westchester). http://4sq.com/9rBCvq
2010-09-01 07:23:46,40.955217,-73.863385,I'm at Royal Regency Hotel (165 Tuckahoe Rd, Yonkers). http://4sq.com/9UM2tv
2010-09-01 07:28:55,40.953316,-73.843250,I'm at Dunkin' Donuts (1591 Central Park Ave, Tuckahoe Road, Yonkers). http://4sq.com/cEpx4H
2010-09-01 07:57:01,40.959808,-73.842416,I'm at Pathmark (1757 Central Park Ave, Yonkers). http://4sq.com/aXFH1U
2010-09-01 14:21:48,40.960007,-73.842608,I'm at Subway (1789 Central Park Ave, Yonkers). http://4sq.com/dzVCQQ
2010-09-01 16:46:03,40.953034,-73.851342,I'm at Friendly's (477 Tuckahoe Road, East Grassy Sprain Road, Yonkers). http://4sq.com/bWDRFt
2010-09-02 08:01:49,40.930491,-73.888429,I'm at School 23 (53 Van Cortlandt Pk Ave, Yonkers). http://4sq.com/aUq5gC
2010-09-02 08:13:33,40.933354,-73.887197,I'm at Bus 8 Stop (313-333 Walnut St, Elm Street, Yonkers). http://4sq.com/dncZ1V
2010-09-02 08:13:34,40.933354,-73.887197,I just ousted @rclerigo as the mayor of Bus 8 Stop on @foursquare! http://4sq.com/dncZ1V
2010-09-02 08:25:26,40.939106,-73.884447,I'm at Triangle (250-278 Ashburton Ave, Yonkers). http://4sq.com/9kKyfy
2010-09-02 08:32:41,40.948895,-73.876583,G (@ dom and vinnies) http://4sq.com/a6U9fc
2010-09-02 08:32:41,40.948895,-73.876583,I just ousted Alex G. as the mayor of dom and vinnies on @foursquare! http://4sq.com/a6U9fc
2010-09-02 08:36:40,40.955217,-73.863385,On a roll? (@ Royal Regency Hotel) http://4sq.com/9UM2tv
2010-09-02 08:36:40,40.955217,-73.863385,I just ousted Charlie M. as the mayor of Royal Regency Hotel on @foursquare! http://4sq.com/9UM2tv
2010-09-02 08:38:35,40.953710,-73.857767,I'm at McDonald's (336 Tuckahoe Rd, Yonkers). http://4sq.com/9Dyza2
2010-09-02 08:40:24,40.953034,-73.851342,I'm at Friendly's (477 Tuckahoe Road, East Grassy Sprain Road, Yonkers). http://4sq.com/bWDRFt
2010-09-02 08:48:37,40.953316,-73.843250,I'm at Dunkin' Donuts (1591 Central Park Ave, Tuckahoe Road, Yonkers). http://4sq.com/cEpx4H
2010-09-02 08:48:37,40.953316,-73.843250,I just ousted @konzer as the mayor of Dunkin' Donuts on @foursquare! http://4sq.com/cEpx4H
2010-09-02 09:10:16,40.959808,-73.842416,I'm at Pathmark (1757 Central Park Ave, Yonkers). http://4sq.com/aXFH1U
2010-09-02 15:48:22,40.924137,-73.858645,I'm at Dunkin Donuts (680 Central Park Avenue, Yonkers). http://4sq.com/aXwICK
2010-09-03 07:01:15,40.930491,-73.888429,I'm at School 23 (53 Van Cortlandt Pk Ave, Yonkers). http://4sq.com/aUq5gC
2010-09-03 07:06:05,40.933354,-73.887197,I'm at Bus 8 Stop (313-333 Walnut St, Elm Street, Yonkers). http://4sq.com/dncZ1V
2010-09-03 07:38:37,40.958706,-73.842201,I just ousted Vinnie P. as the mayor of Wendy's on @foursquare! http://4sq.com/bkYLrG
2010-09-03 15:04:28,40.959808,-73.842416,I'm at Pathmark (1757 Central Park Ave, Yonkers). http://4sq.com/aXFH1U
2010-09-05 01:07:14,40.965264,-73.871855,I'm at Walgreens (1230 Nepperhan Ave., Yonkers). http://4sq.com/8kIUkg
2010-09-05 01:35:14,40.928907,-73.896452,I started l8 (@ Taco Mix) http://4sq.com/cTAZTx
2010-09-05 11:57:26,40.959808,-73.842416,I'm at Pathmark (1757 Central Park Ave, Yonkers). http://4sq.com/aXFH1U
2010-09-06 08:08:57,40.959808,-73.842416,I'm at Pathmark (1757 Central Park Ave, Yonkers). http://4sq.com/aXFH1U
2010-09-06 14:46:30,40.960007,-73.842608,I'm at Subway (1789 Central Park Ave, Yonkers). http://4sq.com/dzVCQQ
2010-09-06 16:45:54,40.953316,-73.843250,I'm at Dunkin' Donuts (1591 Central Park Ave, Tuckahoe Road, Yonkers). http://4sq.com/cEpx4H
2010-09-07 13:08:36,40.933354,-73.887197,I'm at Bus 8 Stop (313-333 Walnut St, Elm Street, Yonkers). http://4sq.com/dncZ1V
2010-09-07 13:24:04,40.948895,-73.876583,I'm at dom and vinnies. http://4sq.com/a6U9fc
2010-09-08 07:10:53,40.933354,-73.887197,I'm at Bus 8 Stop (313-333 Walnut St, Elm Street, Yonkers). http://4sq.com/dncZ1V
2010-09-08 07:19:42,40.945849,-73.882296,I'm at Dunkin donuts (590 nepperhan ave, Lake ave, Westchester). http://4sq.com/9rBCvq
2010-09-08 07:23:53,40.948895,-73.876583,I'm at dom and vinnies. http://4sq.com/a6U9fc
2010-09-08 07:28:57,40.954903,-73.865788,I'm at Dunkin Donuts (132 Tuckahoe Rd, Yonkers). http://4sq.com/aN5kw7
2010-09-08 07:35:23,40.953043,-73.842846,I'm at Carlo's Restaurant (668 Tuckahoe Road, Central Ave, Yonkers). http://4sq.com/991lSr
2010-09-08 07:50:41,40.960007,-73.842608,I just ousted Peter S. as the mayor of Subway on @foursquare! http://4sq.com/dzVCQQ
2010-09-08 07:50:41,40.960007,-73.842608,I'm at Subway (1789 Central Park Ave, Yonkers). http://4sq.com/dzVCQQ
2010-09-08 08:04:22,40.959808,-73.842416,I'm at Pathmark (1757 Central Park Ave, Yonkers). http://4sq.com/aXFH1U
2010-09-09 08:33:48,40.952421,-73.851920,I just ousted Larry V. as the mayor of ShopRite on @foursquare! http://4sq.com/cPvw2j
2010-09-09 16:00:06,40.957637,-73.842523,I'm at Outback Steakhouse (1703 Central Park Ave, Yonkers). http://4sq.com/b7KN61
2010-09-09 16:09:17,40.952659,-73.843596,I'm at Untouchables Barber Shop. http://4sq.com/al6cGP
2010-09-09 16:17:27,40.953710,-73.857767,I'm at McDonald's (336 Tuckahoe Rd, Yonkers). http://4sq.com/9Dyza2
2010-09-09 16:23:41,40.947815,-73.876674,I'm at Saw Mill Deli. http://4sq.com/bPqSTV
2010-09-09 16:28:47,40.939106,-73.884447,I'm at Triangle (250-278 Ashburton Ave, Yonkers). http://4sq.com/9kKyfy
2010-09-09 20:10:52,40.930315,-73.888159,I'm at Carlitos Pizzeria (2 Spruce Street, Van Cortlandt Street, Yonkers). http://4sq.com/bnnCA5
2010-09-10 09:05:34,40.930315,-73.888159,I'm at Carlitos Pizzeria (2 Spruce Street, Van Cortlandt Street, Yonkers). http://4sq.com/bnnCA5
2010-09-10 09:10:12,40.933354,-73.887197,I'm at Bus 8 Stop (313-333 Walnut St, Elm Street, Yonkers). http://4sq.com/dncZ1V
2010-09-10 09:17:46,40.935074,-73.885163,I'm at Bp (2 Porach St, Yonkers). http://4sq.com/aOhua3
2010-09-10 09:20:53,40.939106,-73.884447,I'm at Triangle (250-278 Ashburton Ave, Yonkers). http://4sq.com/9kKyfy
2010-09-10 09:22:50,40.945849,-73.882296,I'm at Dunkin donuts (590 nepperhan ave, Lake ave, Westchester). http://4sq.com/9rBCvq
2010-09-10 09:28:24,40.954903,-73.865788,I'm at Dunkin Donuts (132 Tuckahoe Rd, Yonkers). http://4sq.com/aN5kw7
2010-09-10 09:31:01,40.953710,-73.857767,I'm at McDonald's (336 Tuckahoe Rd, Yonkers). http://4sq.com/9Dyza2
2010-09-10 09:36:58,40.952659,-73.843596,I'm at Untouchables Barber Shop. http://4sq.com/al6cGP
2010-09-10 09:43:28,40.957637,-73.842523,I'm at Outback Steakhouse (1703 Central Park Ave, Yonkers). http://4sq.com/b7KN61
2010-09-10 16:46:37,40.959808,-73.842416,I'm at Pathmark (1757 Central Park Ave, Yonkers). http://4sq.com/aXFH1U
2010-09-10 23:17:17,40.967599,-73.869512,I'm at Homefield Bowl (938 Saw Mill River Rd, Odell Ave, Yonkers). http://4sq.com/b1uqHY
2010-09-11 03:22:02,40.930315,-73.888159,I'm at Carlitos Pizzeria (2 Spruce Street, Van Cortlandt Street, Yonkers). http://4sq.com/bnnCA5
2010-09-13 09:56:59,40.930491,-73.888429,I'm at School 23 (53 Van Cortlandt Pk Ave, Yonkers). http://4sq.com/aUq5gC
2010-09-13 10:07:32,40.933274,-73.889460,I'm at Kabos Barber Shop (163 Elm St, Yonkers). http://4sq.com/bTmrj8
2010-09-13 10:34:36,40.951606,-73.875667,I'm at Tony's Dog House. http://4sq.com/a6fBvZ
2010-09-13 10:39:05,40.952811,-73.855657,I'm at EJ Murray Memorial Skating Center (348 Tuckahoe Rd, Yonkers). http://4sq.com/7XqazU
2010-09-13 10:57:24,40.959808,-73.842416,I'm at Pathmark (1757 Central Park Ave, Yonkers). http://4sq.com/aXFH1U
2010-09-14 13:19:38,40.933274,-73.889460,I'm at Kabos Barber Shop (163 Elm St, Yonkers). http://4sq.com/bTmrj8
2010-09-14 20:20:05,40.952659,-73.843596,I'm at Untouchables Barber Shop. http://4sq.com/al6cGP
2010-09-14 20:34:12,40.945849,-73.882296,I'm at Dunkin donuts (590 nepperhan ave, Lake ave, Westchester). http://4sq.com/9rBCvq
2010-09-14 20:48:36,40.928380,-73.888320,I'm at Sullivan Park (Yonkers). http://4sq.com/bxU2Ko
2010-09-15 16:54:54,40.952659,-73.843596,I just ousted @thisisnotfred as the mayor of Untouchables Barber Shop on @foursquare! http://4sq.com/al6cGP
2010-09-16 07:55:58,40.945849,-73.882296,I'm at Dunkin donuts (590 nepperhan ave, Lake ave, Westchester). http://4sq.com/9rBCvq
2010-09-16 08:04:20,40.952811,-73.855657,I'm at EJ Murray Memorial Skating Center (348 Tuckahoe Rd, Yonkers). http://4sq.com/7XqazU
2010-09-16 19:04:29,40.953034,-73.851342,I'm at Friendly's (477 Tuckahoe Road, East Grassy Sprain Road, Yonkers). http://4sq.com/bWDRFt
2010-09-16 19:04:30,40.953034,-73.851342,I just ousted Andrew N. as the mayor of Friendly's on @foursquare! http://4sq.com/bWDRFt
2010-09-17 08:21:00,40.945849,-73.882296,I'm at Dunkin donuts (590 nepperhan ave, Lake ave, Westchester). http://4sq.com/9rBCvq
2010-09-17 08:33:38,40.954903,-73.865788,I'm at Dunkin Donuts (132 Tuckahoe Rd, Yonkers). http://4sq.com/aN5kw7
2010-09-19 09:37:47,40.933274,-73.889460,I just ousted Alex G. as the mayor of Kabos Barber Shop on @foursquare! http://4sq.com/bTmrj8
2010-09-19 10:01:22,40.922052,-73.862241,I'm at Salud. http://4sq.com/caCRoK
2010-09-19 10:28:30,40.960007,-73.842608,I'm at Subway (1789 Central Park Ave, Yonkers). http://4sq.com/dzVCQQ
2010-09-19 10:44:59,40.959808,-73.842416,I'm at Pathmark (1757 Central Park Ave, Yonkers). http://4sq.com/aXFH1U
2010-09-20 11:33:11,40.959808,-73.842416,I'm at Pathmark (1757 Central Park Ave, Yonkers). http://4sq.com/aXFH1U
2010-09-20 20:13:18,40.953043,-73.842846,I just ousted Neil S. as the mayor of Carlo's Restaurant on @foursquare! http://4sq.com/991lSr
2010-09-20 20:21:19,40.953732,-73.846854,Yeah right lol (@ Bally's) http://4sq.com/a6rN2O
2010-09-20 20:33:21,40.945849,-73.882296,I'm at Dunkin donuts (590 nepperhan ave, Lake ave, Westchester). http://4sq.com/9rBCvq
2010-09-21 08:50:40,40.930491,-73.888429,I'm at School 23 (53 Van Cortlandt Pk Ave, Yonkers). http://4sq.com/aUq5gC
2010-09-21 09:57:55,40.940939,-73.900189,I'm at Greyston Bakery (104 Alexander street, Yonkers). http://4sq.com/cseIGm
2010-09-21 10:51:34,40.933098,-73.889343,I'm at 21 Divisiones Botanica. http://4sq.com/bs6zQ4
2010-09-21 11:10:10,40.928380,-73.888320,I'm at Sullivan Park (Yonkers). http://4sq.com/bxU2Ko
2010-09-21 13:24:52,40.945849,-73.882296,I'm at Dunkin donuts (590 nepperhan ave, Lake ave, Westchester). http://4sq.com/9rBCvq
2010-09-21 13:29:24,40.951606,-73.875667,I'm at Tony's Dog House. http://4sq.com/a6fBvZ
2010-09-21 13:33:35,40.953780,-73.858852,I'm at ShopRite (Tuckahoe Rd, Yonkers). http://4sq.com/cPvw2j
2010-09-21 13:33:35,40.953780,-73.858852,I just ousted Larry V. as the mayor of ShopRite on @foursquare! http://4sq.com/cPvw2j
2010-09-21 13:36:47,40.953520,-73.845892,I'm at Barney McNabb's (600 Tuckahoe Rd., Yonkers). http://4sq.com/auw9qW
2010-09-21 13:37:30,40.953732,-73.846854,I'm at Bally's (589 Tuckahoe Rd., Yonkers) w/ 2 others. http://4sq.com/a6rN2O
2010-09-21 13:46:47,40.953534,-73.850259,I'm at Wendy's (Central Park Ave, Yonkers). http://4sq.com/cLRq1i
2010-09-21 13:51:09,40.959776,-73.842502,I'm at McDonald's (1753 Central Park Ave, Yonkers). http://4sq.com/b4NHO5
2010-09-21 20:13:34,40.953697,-73.841783,I'm at Bus Stop 20 (1688 Central Park Ave, Tuchahoe Road, Yonkers). http://4sq.com/bxcX8V
2010-09-22 07:13:40,40.945849,-73.882296,I'm at Dunkin donuts (590 nepperhan ave, Lake ave, Westchester). http://4sq.com/9rBCvq
2010-09-23 07:14:16,40.945849,-73.882296,I'm at Dunkin donuts (590 nepperhan ave, Lake ave, Westchester). http://4sq.com/9rBCvq
2010-09-23 07:24:04,40.953780,-73.858852,I'm at ShopRite (Tuckahoe Rd, Yonkers). http://4sq.com/cPvw2j
2010-09-23 07:41:05,40.953710,-73.857767,I just ousted Larry V. as the mayor of McDonald's on @foursquare! http://4sq.com/9Dyza2
2010-09-23 07:41:05,40.953710,-73.857767,I'm at McDonald's (336 Tuckahoe Rd, Yonkers). http://4sq.com/9Dyza2
2010-09-24 07:15:35,40.945849,-73.882296,I'm at Dunkin donuts (590 nepperhan ave, Lake ave, Westchester). http://4sq.com/9rBCvq
2010-09-24 07:20:50,40.952748,-73.873737,I'm at KMRC World Headquarters (Lane, Yonkers). http://4sq.com/crOrwl
2010-09-24 15:17:58,40.953780,-73.858852,I'm at ShopRite (Tuckahoe Rd, Yonkers). http://4sq.com/cPvw2j
2010-09-25 18:51:36,40.933098,-73.889343,I'm at 21 Divisiones Botanica. http://4sq.com/bs6zQ4
2010-09-25 18:55:58,40.939106,-73.884447,I'm at Triangle (250-278 Ashburton Ave, Yonkers). http://4sq.com/9kKyfy
2010-09-25 18:55:58,40.939106,-73.884447,I just ousted Alex G. as the mayor of Triangle on @foursquare! http://4sq.com/9kKyfy
2010-09-25 18:59:46,40.948895,-73.876583,I'm at dom and vinnies. http://4sq.com/a6U9fc
2010-09-25 19:05:48,40.954903,-73.865788,I'm at Dunkin Donuts (132 Tuckahoe Rd, Yonkers). http://4sq.com/aN5kw7
2010-09-25 19:16:08,40.953391,-73.845806,I'm at Rita's Italian Ice (600 Tuckahoe Rd, Yonkers). http://4sq.com/aXDe0b
2010-09-25 19:19:27,40.959808,-73.842416,I'm at Pathmark (1757 Central Park Ave, Yonkers). http://4sq.com/aXFH1U
2010-09-26 16:16:45,40.953391,-73.845806,I'm at Rita's Italian Ice (600 Tuckahoe Rd, Yonkers). http://4sq.com/aXDe0b
2010-09-26 16:33:45,40.920487,-73.861289,I'm at Dunkin Donuts. http://4sq.com/cj653U
2010-09-27 16:58:40,40.959808,-73.842416,I'm at Pathmark (1757 Central Park Ave, Yonkers). http://4sq.com/aXFH1U
2010-09-27 20:22:22,40.953034,-73.851342,I'm at Friendly's (477 Tuckahoe Road, East Grassy Sprain Road, Yonkers). http://4sq.com/bWDRFt
2010-09-29 07:24:29,40.939106,-73.884447,I'm at Triangle (250-278 Ashburton Ave, Yonkers). http://4sq.com/9kKyfy
2010-09-29 07:26:41,40.945849,-73.882296,I'm at Dunkin donuts (590 nepperhan ave, Lake ave, Westchester). http://4sq.com/9rBCvq
2010-09-29 07:30:21,40.951606,-73.875667,I just ousted Ynot M. as the mayor of Tony's Dog House on @foursquare! http://4sq.com/a6fBvZ
2010-09-29 07:30:21,40.951606,-73.875667,I'm at Tony's Dog House. http://4sq.com/a6fBvZ
2010-09-29 07:36:07,40.953780,-73.858852,I'm at ShopRite (Tuckahoe Rd, Yonkers). http://4sq.com/cPvw2j
2010-09-29 07:58:14,40.959776,-73.842502,I just ousted Juan M. as the mayor of McDonald's on @foursquare! http://4sq.com/b4NHO5
2010-09-29 07:58:14,40.959776,-73.842502,I'm at McDonald's (1753 Central Park Ave, Yonkers). http://4sq.com/b4NHO5
2010-09-29 17:01:38,40.953391,-73.845806,I'm at Rita's Italian Ice (600 Tuckahoe Rd, Yonkers). http://4sq.com/aXDe0b
2010-09-29 17:07:11,40.955217,-73.863385,I'm at Royal Regency Hotel (165 Tuckahoe Rd, Yonkers). http://4sq.com/9UM2tv
2010-09-30 08:04:52,40.933098,-73.889343,I just ousted Smurf I. as the mayor of 21 Divisiones Botanica on @foursquare! http://4sq.com/bs6zQ4
2010-09-30 08:21:44,40.945849,-73.882296,I just ousted Joseph S. as the mayor of Dunkin donuts on @foursquare! http://4sq.com/9rBCvq
2010-09-30 08:21:45,40.945849,-73.882296,I'm at Dunkin donuts (590 nepperhan ave, Lake ave, Westchester). http://4sq.com/9rBCvq
2010-09-30 08:27:57,40.954903,-73.865788,I'm at Dunkin Donuts (132 Tuckahoe Rd, Yonkers). http://4sq.com/aN5kw7
2010-09-30 08:31:56,40.953034,-73.851342,I'm at Friendly's (477 Tuckahoe Road, East Grassy Sprain Road, Yonkers). http://4sq.com/bWDRFt
2010-09-30 20:33:37,40.930315,-73.888159,I'm at Carlitos Pizzeria (2 Spruce Street, Van Cortlandt Street, Yonkers). http://4sq.com/bnnCA5
2010-10-01 08:13:04,40.932104,-73.890798,I'm at Maple Street (Maple St, Yonkers). http://4sq.com/d5xotO
